memory_initialization_radix = 16;
memory_initialization_vector =
f702f600f6050900fc080807fcfef901f70009f5fdf9f5fa0402f7fe000502fdf8080a080500f90af604f7f7fe04fa0a0703030905f90b0800f7fa07fc0605000afd08fc05fcfa06f7f60a010200faff00080703fcf7fdfbf8ff0b0000f801fbf80afd01f6f8f7f7fdfa0afa0a090800fc09020002f5fc04fb0a09fdf706fffa,
090909f9f500f90909fcf9fcfcf6f604f80800090a08f900f602f903fdfa0103040200040af7f80200000400f9ff040301fef8090805f9fa07000107f7fdfdfaf6f7fc0602fafafcf8fe01000af70900080406f706fcff010509fc00f707ffffff09fa0a09fffb0402fe0000fafbfb010afd0008fc010af8fafe080004fef802,
fc0005fa0a06fbff0900090002fff9000bf8f9090309ff00fa01f9090004ff04f80b080106fef907080901fbfdf50609f8fbfcfeff02fc07f704fafe08fe030603020306f5f907000606fffa0209fb05fc000102020609fc0a0208fd09f8f6010b010a05f9fff904fd0001050703fa06f708060af604fff601fef7faf7000808,
f901ff00f8fa090a010bfc05fe020a06080004060604050a0a01fdf90200f604fafcfa02fa0a0601f7f90bf808f70709f80808f906fefcfb0900fbfe040b03050003000aff09fefffc0806f7060202f8fc00fb0705fff8fb09fe01f90708f501fb08f50009f900f707080205f8fb08fef80603f7f6fd0804fa0903f708fe03fb,
ff07060902fd03fefaf809f6f9060807fe09f809080703030afd000004fe050a07fa0700070205fa02000208f8fdfff600f7fdfa0b0300ff0708070800f7f9050505faf6fb04fffb0704fd000506f8f804fef805fe01ff03f6fdf707060509fbfdfffdff05fef60207fb01f702f70009fef8fffe02fb01f708f707050306fb04,
f90afa03020bf604050a0a020409fa02fd02fbff0001010002f7f90200030afa05f903fffff600fcfbfc00020007f805f608f9fa030008f7ff00fdf702ff03f804fb07fe0bfd0108fdfdfc030100070508fa00fb000a0902ff0507fe04f808ff0407fa0303fdf6fdfafefbfff9fef70a03fbf9060103f8f60a06fffdfc0000fd,
fa02fc070a06fd01fe08f702f90bf9fd0b0107080afe020603050408fbf9fc0200fbf6f60201fafc00fbf60502fe04f9f9fa05020701f9f7f8070601fffff6fa0af8f90008f802fc06faf7fff7fbfc06fd050808fc0bfaf602fd0100f60005fbfb080706f7f60aff000b0a0005faf7fafefef509f6ff04030705f8fcfe09fe01,
fef907fd03fa0a01090300fe07fafdfefdfffcfffafb00fefafb0201f6050609070609fefcff0500f800faf80b0408fcf8ff020af70a09ff0af90802fe09000bfe010bf8f9fe0906f700fbfaf7fbfd04fc0607fcfe02f6f7fcf5fef700080000f9fc0806f8090000060afb050a02fa02f8050a050306fd00fe00ff00fdfd07f9,
0501f806fe070b07fffa09fff8ff04070207f80509080709f8f9060908f7fbfe04f80607fb070307f9fbfefafef7000109fe06f9080101ff020403f7fbf6f7f7060afbf6f7000200ff01fb02f7f6fcf6f906fcfd08040a03f6090b0808f8fafafb0802ff0707f804010702fafafdf8f90900fe04f902fb07080009f8f706fefc,
f506ff02f7040706fcfaf8030107040b04f6fb00f805f7fb03090b01fafef80af9050903fffafc04ff0a0009fffd01f5fff8070607fffaf9fff6fb0af8fd0907fefd0909fdfe0205fef9fb03070003f701f909fa07fffc04fcf80901fd06fa00f50001fff8fc07fd04090afdf8f701fffefefaf8fe06f5fef60204020102fbfc,
030002fd060700ff05fffe01f8090afaf705080a0200090501fff7fa0008fb0606fe07fe01020a08f9fbf604fb07fbfff9f5f803070a0600010500fffb040402fdfcf8fafef60700f7010008f909fb06fefcfcfb01f7f809fe09f702fd0a01fbf607f702fd0800020702fcf60005fffb01fb05050105070af8f90009fef9f800,
fb020afe0309fd000008f8f70207f8fc09fd040afafd0908fd0901ff0a06f80af803fafd0901fd09fd070b07f902080807f9faf9000709fcfe08f9fbf9050700fcfefd0a00f705fcf70afe000200080006f6fc03fcfd06fdfefaf702ff0a06090af60a07fdfbfe0a090206f804fbfe04040400fcfffd0805fafbfb03fafaf909,
110703f400fbfdf3020500020e05050700f9fefc0d0807fd070b1001fc0100f804fefc040b090bfc0200f91101f404fff300fcff0c0703f60afbf9fd01feff00fefe060009f10504000300f409fc03fcf9f7010600fcf1fb03f7120e03fffb09090a010cf100fe08fcfcfc0906f7050dfbf11004ffff0afbfeff00f6f1010800,
fef6fcfffa06fefaf60a03f509f80bf609fffb0510fb0901fc07030005f80f0308fe04f90b0202fd01050202fcfc0a00f5fe010108f50008fe0af9eeff0c03f70df80709ffeffcf7030cffff05020defed050efaf804f4f903031011f4fa0606000dfdfb0005ff030011fbfff5f0f601f7f81007f600fafb0e070607f701f4f0,
fffd05fa03fb050d11fb070701fb03f700f6f3fb07f406f808fd10f60c0005fffe0604ff0007030600f80c01fc040f06fb10f40a09fa0ff7fc070506f5070004f003fff20efff2070b05f305000005f2f004fc0709fe0cff01f90e0c06fe06f601f90f0b0bfc0b000afdfb020bf50007f3040f0a08fffdfefbfbfdf8fffa0105,
0404fc06f409040200fc0009fffd06040bfe00f8fb030cf801fe0b0001fafa07f50a0afb04f60df80afe0bf3fc0b000cfc04fbfd0a04fd020806fdf3050303f404fffb000008f90208fbf9fe08fdf600f703f401faf40d0bfbfb0307f9f901f204000efc03fb0df7f702fcfd0cf9fa0c04080ff803fa000bf30c08f8040b08fe,
07fefb0a06f8010308fbfd000af6fc07000a03fb050af60bfdf6f906060b080009f8080401f60005fe00f803fa00080000fe070004030208fbfd02f801f8fbf8060407fffc08060006040107fcfa080003ff03fd030307f60804fcfe07f7fef605f80a08fd0000000107f7fb0af7fc04fd040a00030105f80a07fafbfefaf500,
feff0104f70909f9fcf9ff08f9010800fffb0406fc03f8fe0700fe0607fe01fe05fdfafb0801f80a0bfd0bfe0006fc03f8fa0206f7f709f9fb03fe05f9fdfc00f707fcfe0301fe05ff0a0008f702090501090902f904fcf9050607f70008000606000afcfbfbfefc03f800f705080afcfd03f9f80000fb0004f90505f9f707f8,
04fefefbff0502050405fe0009030a09f7f8040702fe0608fb060702fafe07fcfd000409fc0305f608f901f7f9080a050002fe04f606fcfc01f6ff09faf7060001fffd0afb0500fdf9020afbfd090507000901f7fff9fd000bfb0505f60709fb0704f6f7fe05070803f6fcf70103fdf900f8fa020505f805fa00fb04fe0407f7,
0afc0700010306f9fd08f70af6080003fc03ff03080600f60303f6fff9f604ff04fe0a04f609f601fa0101ff02fdfff9f60804f6fe0003040b06080af9fe09fe0505fefd00f8fb08fb02f906f70af7f7fcf809fa08f806f9fb00fc0af607f9fb07f6050908fd0903fefa00f8faf7f9000a0401010204ff0a09fcf906f50808f8,
04fb0508ff0009fef600010107f7010908f60a0706050002fff7f608f8f907f702f80afb01fdf9f709040208fc07000203f60308fc030206f900fafa06fdfafc00f8f8f60af7f702f9f9fdf80a03fafc01030af60208fa04fdfe0703f6fcffff00f7fefb0a0500f7f6fa0503f9000403fef806010006f8fc07f6040a03fc09f6,
f70102fb0500f7fb040503fa080401000a0604fcfffbfbfb0702fefff600f80707fc0a05f804fa0502fb00fdfc060506060207fa0708070a00fc0af7f8f805fe04f9f90afdf9f8fef8f902000001fd0900fc04fcfb0000fefb0900fc0203fdfbf902f8ff0700050af608fdf602f70102010002fafaf806fa070807fc0afa06fd,
0904f80302f60a0b01f501010000f9fafcf8f908000004fa0007fd0af608fafefafa00fbfef6f807f803f808040a00fd000a07f80908090a0103fa07fcff000702fef8faf5f606fdff060000000103f60100f6ff080a0af5faf7f600f6fe0902f90704fdf6ff02fc0a0105020404fefc07fcf6fe09fc070603070200f80208f6,
09fdfe070004f608fbf9fdf7f6ff040009f6f5000af9fd09fa0002f9fbf806f809000808f9030500fe07fd08020702ff0703fff90501fb07f60309fefdfcf8f7080af7f6060206030209030804fcfb0909ff00f9f90506fafbfaf6f8f600fdfe020903000008f605f607f6f60908fcfd05f60005f9010007fbf903040a050107,
08f9010806fafef7f9f70401fb08f80001f8f70a0600030006fcf6090afdf60a0007fbfd05030200fcf9000a08fbf6f9fdfd00fdfdf80107f70707040806ff0703fefe01020607fefff60809f70905fbf6f705fdf60403080503fefa0608fc0af90000f7000403f8faf5f8f90707f900fbfa05fa00fcfe00fcff0106fcf90af7,
fe0501080800f80705faf9080b0601000500020408020a0601f7f804f8fe03f8fbfd08fafb0103fe01fa0302f909fbf6fdfcfe0509fc02f6070105fb04faf8fd0a00fa0a04fffe05f9f6ff0000f6f802020000000208090a08fd03f7fef9080a08f80708faf8f6fd0003f5fc010608070207fdf50808f9f8fef70008fa0003f7,
06f905f9fff50003010309fcfb0af80101f6fffd02fc05f6f90bf906f6fafcf6ff00f7f900fa0a00f705fe000afffd00f9fefa090000f9fbfdf9010705fe040406fc0403060803000907f900fcf7fc00f90505fcf9070af6f9000a0908fcfe0408fe040700f704f8050800fc0a090608ff07fcf8000009f604f707fdfafd04f8,
f700040afcfffef8fa0afef50af90a0800fcf6f8f8fafcf6f8f60a020300030007f6f9feff0af6fcfd0205fe060007f8fffd0a0000f9030afbfa0a06f7030000fbfafdfef90103fb0009fff80407fd040a09fbfe0808ff010af6020400fdfaf70603fafef9fb00fe08ff04f60906fc0b02fb07f9f6fe0407070208f801060301,
07f605f906f6fffafb07fe020afb020001fefdfefb00f80104000800040306fbf606f90704030302020204f8fa09fdf70afefbfefdff0908f6f90008fafafb08f809fdf6f7fb010204040a070af8f6fbfafcf7fe0404fe04ff02fc00f9ff03fb000afd0900070207f704fe0600fa000a0303fa02fd080405fdff00f706faf6f6,
fc05fa070205f905f806fc07f7fbfb000305f8fbf8000afb010603010604fb0909fd0300fef809fffff80afdfff8fc0300f801fafa030803fff80109000904ff0b020a0803f5f802f9fa000af500fd000809060108fa04090506030008ff040905f9f9fcf6f9fa0306ff0afe05f7f7fbfd03f8fb07f50708fd06080701fe0a04,
000305fff808f9fafe0b06f9fafb090307fd060afc0807fe05f60809fc0afe050500000007010507060a0af9f5fe050008fdff08f8fdfaff07f6f60909fc0af703f9fefdf604fdfe07080bf800f8ff04fffaf6f7fe0600f9fcfb060908fc0708f9fefd0000f904fb0705000400ff04f709fbfd00fcfdfdfdf8fef7fdf7060904,
f807f900fafd0301f9fdfbf908fffb03fef901fc08f7f9f6fd00ff09f8fa080306f603f7fff90009f70206ff0a080405fd0109f9fb01020108030000010807fc000a09080a05040601f90803f506f908f6f9fc09f9fbff07faf50101fcf7070305000005f6fafa0608070706f60501000806fd01ff0106fa08fc08fd09f7f803,
0d0501000000fcffeff701f5fe07fffe03060e0702070bf60904081211fb0006000afff105f6f906060ff50100fafb01fc070af9fefefa0812f903fc000a000afcfb03fe03fb08f600fffbf9000000f9ffff08fd0711f7030df70000faf7fe080407f7fcf50c00fcf7070102000908f6fbf706fb08fcfffd070713f6f90206f6,
0af600fbf602f8fe0208fbfbf6fffe000a000dff10031002070411051000fbf605fdfe010006f4f50003f9fb0cef0e06fdfffd0309f9fef5ff0802f1ff0807f90c02000505f50a00f113fd000af313f4fdf5080b091003000fe70b0704f70101060904fcf70c000cfe0afa04fefd04fbf6f60b03fafb0503041104000dfbfe06,
1003faf0f4000af4e70104e7f8000d0500f20d181c0b14e5f8f30c141aea10f10c1106f0ef09f0f2f113eef319f71a15e8f2f8141508eb0015fcf4eef91905f00ff8080116f217f4f90b030d11fd17f9eef6fd19f006f4fc0ef1121404fe12080a0d0009f61200fc011209f6f2fef7fdf8ec15fffff2f8f104060afd09f7edfc,
02fff2feec0e00f5ecfff1f101ff0d0104ef1912200e04ecefee1a040eea06fa060d00e6eb00f3f80220f8ee04ec090beaedf20f13fdfbfa0efb00f4f2120ffb1cf00af804f40cf1fcfd08fc0ef30aeff8f807060118fa0013e11408ef07181d0111fe0ff213f300fe0506f8e41301f3f7eb1700ffedf7fa1c110ff9fcf4fee8,
0900e9f0f001faebeffafef7f8001405f8fd1110180804eeee000b1614e101f60d0900ee00070df4f419edff01f70e08e6edf2060ffafcfc09f1fef1f609000019f2140406f50be9fa0507f9fcf803f6effa0015f011fcf317df1805fffc1e0b09000509fd16f6fdf8fbf606ed09fef6f6fb1bf6e7fa04f3141014fa06f3ecf2,
07f9e5faff09f000f5fff2fe05fd190800f40e1a1c1215f6f10d190b05e708fd050af9f9fdf70df8f329f1070af6100beb00fb010bffffff1e04f8edfa1802fc0aec08fe17ec14f4f301070207f90cf5ea0009fc0309fbfe1bed021bef05150004120309f505fe07f5040400fc020afde3ff1303fdfefd01000d02f2fd05f0ef,
0af4dfe2e6ede9f5f4f7e8f5f5f91e05fffb0619250b10f9f9141e041ce708f1fd06ffe808041aeafe3bf30208df220eecfc080d09fef9042005f3ecea1cf5010bfd1f070ae606eceefd00f81cf006f4eef00f03f119eef620e61b13f2ed201c030b060df709f80e00f9fdfee70d0cebecee10fd0101f8f21b020de9f0ee05e9,
02f2d7f2d403f2f6faf4f4fcf7fc04050de71724230607e1f8011f0025111be8131210ecfcff04030145e7f7f2d628f6e3fee9040708e800201b04fdee03e61116030b0317dd16ff00fefd0d2207fc02f1000402f718ec0014c5f9260403211601fdfb09e922f9faf417f7ffe80b12fff4f115eb00eeff000b0c1203faf4fcf8,
05e3d3e4defddfe7dc0500eef505100afdf01d1f210c22e3e7e535131f081aed0d160ade0404fafa073fe7fd0fe42012e402e3170903ebfe2426f9e3ee1102041ffc0ff318d925f4db0806f628fd04e1e7faf818f02bea0527e4062eeb001f0f170afc1be721eafeef11f502e41816f5edfb28e6ddebf900160b2df4f9e2f2f4,
01f1e1e8ecf3dae7e30a04f406fa0afe0af329141d0614e3e300221a151326f3181809f10400f5f7002be7f904e81004f8f7e7081002da001e1cfef6f402130b170105f717ce22f8dd0d1506160c07eeeeecfc09e316f8f51dec141ceb002b1b140b020aed24f613e905fafde80615e5eaf214dfe400ec0d1f021ff3e7eee9ee,
040df9fcfb07f1fef8fb0a01fd10ee01f2f8f8fe0004ecf0ebfa000606fbfae9171406ed0afc00ee1013f11000eafefdfd07fb0009f7e6fb05fefffa00011402ebf7030502f2eeee011c120b0efa0404fd05f7f5fe00090a0ef9f205ff18090b12f7f6fa050808fc0801f90be30912d4fa0402f201f51106ffe3f3ef0706f6ec,
ed0ae009e00ef4f8ec00fef00a11f40af9fd0608150602f1f2f90e0214f305e40a1f0e00f8f9fdfb0b4ef3f200eb0bf6f504f50213faf3f82513f9e7f40a170306f6100006e405e8fd030d15100703f6fd13f800f70d061323e0fd0efd0b250617ed0e16000f0eec04fff817eb0a12fdf80700f6f9ee040906f707fa060aebf3,
ee0eecf2dd090ffdff0400f10d09110a07f2f51d1f0511f101f421fe1d0913f2070af703fdfdfb021541fde900f8200cf70ff50d180005021f0de3eefc07ea00020b00fb1d1000000be600170c09f60402fcfe09ff0601f70ec20325eddf07fbf4f8051a000908fefb0afc02fcf60d16f40e14f00eef0f0af8190e010ffdf9e6,
0604edf6f3faf8f1e8fff6fe040b1efcf9fe152c1d0d00e907031407250e13f90d1608ff03fff9090937f100fcf11e04f411f30e0ffa020b1b11efe5fc03ed14110a02fa28061104f9fe1a0b0d00fdeeff07081af520f9fb20c50418f4e50f1113f50216f81c0af7f801f5ebeef90e00e7fa1eea00fafd01111d11fff5e907e2,
0ae8dff8ec05dddcdbf802f2fe030e00f5f728261c180a0004121c1f0d0113fb071101ec1ffffae60321f918f7d91312dfec05000505e71d2ce803f2e9191e0b26eb111008ea19ecf3041afe0bf010eae8f4121a002ae0f826d52216f2ff1e111a1d02fddf23eb0d0603f8dce7fc14ebffe524dceff3f4ec14fc16eae1e800e4,
13f3dcf0e0fed9dbdd06e2f1f3040cfcfffc2220101217f3fc061c1e0bfe15fb000dfee10ef807e1f61aef0bf1d30b12d5f502111e01dc0720fffde1eb17190c16e3151411f60bf3fd15150019e91af0e3eb16180019eef324e71e1ae60226191a0bf30af124f80bfe00eff6eb1207f0e8e61ef1f7f102ec120316edf4ebf1e8,
00f0e0dae1fed5e6e9fbdaedfa020106f90a0f1c18030ff1ff00221816f10ef8000403ea00040beafa11ed1202dd1c0ee3e9fd0f0bf9f500260707f0f50c120a15eb181216dc06fdee0108f910e70ee6f304000df31cf0ef1ce90b0cde0a1f121a04ee08ef15fc04f90ff2efea2f02defae506f6f9f7f8f2150d09f900f3fef7,
07efe8f7ef00e1e2f702e8fdfcfa0df7fd040f161b0014fa080f0b160efdfff7fa08f2f10602f8e6fa0ef50701ef180cf0f405131100fffe0a180ff9ff1b0dfa10f8110115e718f2fc070efc04ee09ebe9020ef40317f8ef1cf20d0ef00b17160b15fd08f00af80201fbf8f1f3211af7fcee18f5e8f206f41bfe17f6fcf506e9,
0efaebe8ec02f1ecf800e8f700ff0d0802fa130915fe09e50a07111512f600f3f711fbf5070602f2fd15fe050ee51111eb04fd0e0707fbf3100dfcf9030b00f516e8060b19ec15eeff050200fcea10e7e804f905fb1300000ced0411fa170f0c0a08020bf11c000bf50bf601f80f0cfef1f21309faf3070013001d0afdebf7e5,
13f7f9f0fd0100ebf800f1f3fd0210040503081113090af805000f0d01f4fa00fe0300ebf0fcf002ff05fdf80bfb0207f205fd1515020506131506eef40800f116f912ff0de715fd0007fe0c09f60cf8f002010e0801fdff11fa060f00070207ff0c0e01f30ffd0c03fefe07fc030ced06f60dfc01f3f70504fa0b0a0eeaf8fb,
050403fdfafc04f808fcf600fbf8fa08fb06fbf60a0aff050afbf60408faf600fdf603f9f606040802f9f800090309f80200fd00000004f9f6fd07ff01f60106fbf8fe05fc0a0109000000080504f8f8fd08f7f5f5ff0205fbfaff040005080002060600fd00090003fd0200000700f80509fbfef7fbfbf80bfdfdfa0400fd0a,
07fffcff07fe03080502f600000405f601fa0900fdf6fe0100080af706ff07f7fefc0504fcfa07f7fc01f809fd020a0601fd070afd00f7fb020709fc06060afd09fcfc0afafbfd07fc03fe0002fb05fd0200f9f9fe030a06fffc00f903fcff05f60100f7ff02f9fc06f8fcf90801fbfffdfafd0af9070bf601f8070101f60000,
f8fe0006fef60000060107f900fffcfa050bfbf9f9fa0101fbfd0902060307f7f60a07ff06fbf608faf70200f703ff00040afafff9fe04faf800fe0807f8fb09f600fd0607f8010501fcf608fbf7fd010bfdfcff040900fbfff801fb07000502fbf7fef8f9f804090400fcfd040600fd000301fff9f902fa05fe05fe04050307,
04fc04fd0afb0000fef800f6f80001fd0b03f806fbf8fe05010a0a00fafa0007060a00fbfb0afe0afd0101f602fcf8fffb05fd02f70306fc09ff040a0100ff0a03fffafd06040af805000208f8fbf90604f609000202f70a01020000fc03fb05fdff02f805fefa01fefefe09f80007090705fd05000008faf9f70a03fafcf7ff,
fb07ff020102090508fbf7fe02fa05f7030207070800010a070a030af9f900070501040b070609f8000102f70108f707f8fd0004fc09f701040200f609fc05f6fb0306fb07f60afd01fa02fb03060afcfaf807fb010400fb0a0500030b04fff9fc0b09fd0b06f50a070a000202ff03f90609fef7ff00fcfef8010204f709fe02,
fa0a070507040403fb03f804f7f600fb04040a0104f7f7000906fe02fefd020a0900fefc0501f908f7fcff00ff03fffe0602fbfe05fffa06f703f903fc07f9f8fcfa04fa0907faf5fafffcfdf60909080a09f9f90af909fe06fc07f7f60502fb03f6f70607f5f6fa0a060000fbf908fbfcf6fbfafafc00f906f605fef6fd07fa,
0c0ff6fcff00f9f7f8fe03020f0703f607fa0d0415110d000706030bff00fcfa0411fffb050afbfbfb0e0505fdfd040dfef2fe09100803020f0305f0f90afff4070100f90bec12f5fe0708f6fe0901fdfbfefb030009fef906fd0405f60205130e0e0500000809030906f404f5f80007f8ee040707f9f80613fb0d040304f7f3,
fb06fa03f6f9fb02fafaf7f7060208f608fa1a0b10f809eefaf315f80f040bf2110707f8f0fef818050003f405f404f70008f8f6f700fdf50f04fcf50d120e17080809f408f604f50401f9000b0af40303f6f504f90afb1312f2ea08fc0c18000bee0818ff0ef7ef05fc000ef21305fef6030af1f4f803080a09061811eff2ec,
000eeefce5f6efece606f5f400f525fd020b20220e0900f10100200d070e01fc11151502f4fefdfcfd12fcf8fef207f6ec03f3edf607edfe1f0c00e40b1e170c20060cf900f60aeff50f02f2000509f1ebeb04f3fa0ded0f16f4040bf113220f18fcfd08f41f0709fdfefd10ed101dedf60012ebe108f80215072206f5e201f5,
12f4fffcf5ef00f7fd0200f601000afff50014170e04fcf7f2ff060201f70804101002f607fb06f40320fdfd0dec061aea01f60508f6f1f90b00f1f5000509fc0bfe0bfd10ef02ecfb1c11000ce811ecfb0317fd0109ffe809dd0b08f6f709100f0dfd02f417f705fdfafefaec000ff1efef0af801faeaf2070418e2fef4faf6,
1d03e600f00607e1ebf5f1fcfe0917fe03f21f131c0904e5f30c0e140ee7fbfe220603f60bf608f30134f50c07e8051fe9eefd0f1001f1021af3fee7f614f80017f3060014eb1be2f408080a09e326f3f1fc140bf710f0fe0fd61c0606fa1a131116fb09f213f918fb01040ce8190af3f8e31500f7ffedf6140821e6f9fcfdf7,
0c00d7edeffbf4e5e907e6e7f3fd22f705f31613140e1aece7031d0e14ec04ec130e0de80ef817e9f928f3f814d7171ce1f4f91a06faf9fe29fdf1e5001804fa1cf409041bd712e1f3fa10020dee22f3f1001e12fe1be3eb15d82520ffff282a14220210eb20f310ef0cf9f8dd1b1ceff0e31bf3fae6e7f31a0a1dd4f7faf7ef,
1a08e2e2f4ee10f8ddf5f3e5fef01b00f7e21d1b281423f2e9040a1510df0aee0016eae815fb0febfc22f00313e5211ce9fcf3121dfaf2fb21eaedeafb14e9061ae11d1518e51df1f1f905fc17e81ae1eafe13120010f1fd21cb2719f4f92615fa18020bf01ffd140011f4fbe2170a05dffa26eff0f6e8f421141ae4fff5f6ef,
1d05ddf7d5ff18f2f1fcdce8fff933f9f7e6141a2f231adfdd1921072bda11ebef11f6f00c0125fe0025f50f0fdc262eecf7fe332407f9f32df5eee3e02ce6fa07ee0721320b0ee402fb03f928fa06e6e30e12260e16f5f912b81c33f3e32b12f9070217f514f50efb1606ede6070c0dd9fc24e9e2fefbfb100e0df00803fae2,
15fbd6e6d1f412faeae5f9e8e8f33ffae7f01c3a372a2bdde0122efe38cb08e50214ded80f082ae9ea17ee0c1ccd3b3ae404ed382d00e4f437f2dbd8e33df2f81bdc1217390519d4fdf2fdf015ec10d0e60e1c320f0ff6f520cc1c20efee2219030ffa28e322ee110116ebd3e0111505d40223efe7eefaeb101419e100edf3d3,
090ac7e9d5f917f7d8fa02ecf1e73406f5f71c383a2f33d5e8243a063bde0ce21600eadf150124ecf81bf30713c63422dbf5f2382afbec024300eecbe12be20f0be91614341f14dc00fe011030f307cbda00172e0021f6de22992823edcc2d20ee1dff13ef1c041bed12e6efd7fc0002e00021e1ebfdfef5101913e6fcefe6d1,
100cb6ebdeed07ede1eff7ecf8f21406e3f70b36381f1ad4e20e29161ce902e1101200db12f817f3fb32db0d1fcb1a17df02f82b26fc00082d14f0cfdf26f5051aee121e2bfe1dd8010b0a111df918dad9151912ec1f09f52eb91519d4cd1919ff0d0824f4190b14e917d8fae4fbfb00eaf21ff4f4f20004100208e510e6eac7,
0512dcf0daf705e0eae1e7f300000d04edfb0817241404d2e30c0b0e11dff3d80f28feebfcfb24dcfd22e01526d20b1dd518eb0a2606fcfc39fde7cddc1def1109df28391409fdda030a160810f917d5d91e1609ea1807081fe01a21e9d00c140e170421011d0c0a000ed6f8dbfa0bdee4e313dff9f809090006fee50ce7ddc2,
1114c9efdd0b0debeae7ef02050e13fcdbfe12001a1511d3e10d041925d500d8f31f00e703fb2fe0101fdd1a23dbfe18d107f91a2df500ff25eef6ddd329f91b03d21f2c251d04e5f60211081ee41bdae620151ce2100aff1af5101cd9b6fa221113f622011a0524f710d4f1d3f5fbd6f6ce14dbf4fe07000bfe00de0dded4cf,
0b02c3e8e01100ebe6efebec0417f8fce301060a2c0902d1de020c0d21cd00c80527ffe200fd18db1746dc0c15ddfd09caeedf10370ae8f4410102d0ce2d130f03da243018150ee5f90d1e1010e818cdd7171107ed290a1628d10b1fe4c0030d2611fc1efd1510141d04daf8daf50dd004d019d9fde91ef501fd07e700f0d3c8,
13fed2dddc1413eeedefe8eb080af80aeffefa022b0c09d4ea0a100517e40acd1a2decfdf7f60adb1337e4ef17da1006e0f6e50523fd00102704f3d4e420052001d3200d0e0906ddfb1518130fed0fdede0e1024eb25140825c50427ced9050b2109ed0b060f16090f04ed00e40f1fc508db16e910e6120006ec09f1fce8e9c9,
15dcdeeadc1815f7f2f1e8f1f4040d01ed030905280b13f2fa10050307e507e0222eddf413ff12e0073fe50901f31307ddecfd0e24f7071a0feaeedaf70e0e1816d62305102310ede71417fd1ae20de8d501102ceb13fd0029e90f18cde2f4091c16f2f9f117f71e0203eb00f6fe13d605e71df509fffbf310f80ddaece0e9e2,
0dd8e7f6e1120de5ebfef6ecf2020efdf7000819290917030502ff090ae80df1122bf0f70cf7ffe5f91feffc0ff91409cfe7050214fcfb2510f5f1d7f3130d0b10e81e030b0e10f2f62306f514ea13efe4e9063b001beffb2bf70022ede00c10131ae0fd070501190c0becf1fb1417effee229d1f0fe10f2150314f2f3eb01e6,
10d3dbe4f21a0ef0ebf4d6f3eb0703fdf5f713202f1a10fc100a001717ec02ed102beeed0f0011d6f42fdf000be70405b1f1060905ffe71315f2f4e2ec13160c11ec1c00fd131eeee62203f00dde0de2dded0615fb25e4f424ec0e2bf6ff040a1d09e2f7f210f208fd12f2f3e71126c8fddd1ad8f20703f60dfa1ceae3e4f6f0,
1cddcedfd71503e6f0faebe3ee0a03f7eafe1e1a200d1200060f0e2322e5f8de0e1be1f009ff0be2ef1cec0c13e2201adcf4120d1500ee0312f80aceef12291123d724010d0c0edbf81f09f01ed919d3e2eb0e0fff1aefee21ea1a1eeff9161e1c1ef010f21ffa0ff512efe5e41a20c5f3d32bdeeb1300e8190f1bf0e6ea03ed,
1ee8e3e4e1fbf7e3e9f5e2f1fa061803f4fd151b1f0b12f1010c0e1c12eb09e8170fe2e719fd13e6ee16f30efee00e0ad2e6f90e0d06f20a0f1114dbf51c2c1122e61b0b1afd13ddec110bee0bce17e5def00e0d061deef221fe1d0ef4ea1c14210ff713e120f30ef415f9e8e6211ae1eaca1beeda0a00f521fe1ef7efed0cf0,
23dce6dfde03e0e6def3dffbf20c170af1062e1b110c0ce2fcfa0b1916eb01ec1007dbe1200b22e3ec1afa0e07dc0b0fdee3f31311f8e80d151827e8f8152a0629dc1cfa1af61fddff1422f703d22ddce4eb130f060ae2f11af51e07e7d92125201df312e828ee1bf8fffce2eb2028f0e6cc1bfaedfdfae724052400ece40bee,
1ff4d7edde06edf0ea03dfe103f808f7e9000f15160714ec03f81f1b1ef70aef0215e7e014ff1de6f20e000a0ce4171ceff7ea141afdeffb211403dde41e13f708df1df50e0318ec01fe1b0710e920e4e0050d11100901f61ce5191be8dd2d18111b0712ec22f32300ffe9dcdb1704f7ede127efe00100f412001c08ffe8fbea,
00f4ec03e1f9fa120afef4e110ef200601010bfc0bed0dfdfafb08f71ced1600f9f5f3fb05ff110e040af8fc10f50e11f10af1231b0109e3151313f0ed100906fdfc010e1e1905f510eafb0c09fa07f1fd090710f8fc10eef9fc0116dee70ff8ed000c1600f60406000bfde4f9f4f0f7ec0bf4e7f4f2fb0efe0cf7fa050efdff,
fefcf9f7ebf904fbe70b03e90bfa240200fc04fd08fe19fffcf1170411e206fcfb01eff3f000060105fdfaf00be80cfff3f6f20e19fd0700f20ffaf4e4f60b00f3fcf6f60c010b0008fb04060a02f5fd0605040efe00fbf9f9f90516f6ee1dfbf9fb051702ffff01080704fbf71102f502fdf9edfaed02fbf703f8f9110c06f9,
ff090af8fb09040b08f9f8080500030001f601fb09f502f80602ff09fffbf6f8ff03f706f9fd0805f8f70303090301fdfe0207f901fe0705ff0200fff801f7fdfa00fc080407060408ff040106fefff908010805f608f80afdf700080800fe00070afc0a050af901f70200f600f702f702fd00fb00f6fcfe01fef7000bfa000a,
08000107fff9040809fa06fef9f8f90902fe080108f900f6fe0109f9f9020afbf908fc09fffe00fff6fb09fbf602fa08fbf7fbf6f6f805fafefb02f9faf50800f708fdfa0001fe00fc0308faf605fefb020903050af8060903f8000009f800f707fa000108fd090308f7f7000200fe09f806f9f7000706fa0afa04fa09f5f807,
f8fa05fc0907fbfafffdf806f704fb07fffffcfc01f8f7fd05ff02fc0000fd0403fc080906fb0200f70a060207070afcfa04f7fefe040af804fd0904fd09fe09fd0902020af60509fd0100fefb030a08fc0105f703f8f7fa00f50004060a07f90a0206f9fefefc0401f8fefd05f70bfd01f6fe020406030400f800f70101f700,
f8f7fb090a0006fcf90101f70af8fdfd09060603f603f5fc0000fef901fc01fbf6010102020208fef6fffcf809f9f6030001ff0600f8fb040a0602f604fefb0106f806fb00fe0800fc080502fefef60902fcfef7f5fa05f600fb09faf600fd09f6060002fefa0600f6020004fb020008ff04fafd0008010708fafdfaf7f705f9,
0b0a030de7fdf0fff41108ef1300fb050a1102fd22f104ff07050a05f8f4ff06090d0303e902efee0c0a03ec1bfe03f3ec03f7f9160af5f6151412fcf3ff0901f0f921fff8e6faf507160e11f3eb08ecf80df40cf8061500ff00fefb0ff407f216effe1b140113ff0102ee0efa0f140efafa07f6fafa12fdfffafaf61b13fefc,
fd0cdf04eafcf3eded0d01e81206190908ff170e17f918f2edf81600140003eb131a00effdfffc0d0f070cee16f21c05f3fcf5f20804fc050f1a07f4f40b12041cfc0fed04f609f8fd1afbfb0b06f7f6f316ff0bea07fa0c0df6fb07ee031d031ef2ec18f11a150afcfff00beb1616f8e50e09e9f4fb1403151a1b0000f0fcea,
0601ddeeef04ecf4e1090100f70010f801f10b201a1023e2f8010a1114fb11fc152008ec0afd03eef616f8fe0ee82707e2fd03071d00f9ff0b080be0021821181aee05fc070d0df4040708f61cf10ee2f4f80f0c0005fdeb1ce80e0e101709171e0ae301e7170d0ae507e80bef2e23eef7fe15e4eb12faf617011000f8e700f3,
0b07e6fdec04f0f2ecf4fe05fb0006fdfb0a0b1bfe1d04ed0a0ffd020eebeaed0eeefef2f20316040225fe0018fd0e0807eff12416fe0e090bfb02e2e9100d19f6e8f5160f0121ea11e911f3f2021ff2f6ed251415010bee13edfd01170cfafff20bf50f03f6090c01f5eefbecfdfcf103f9f2fdf90c03ecff11f10903ed0ffd,
180ff0eae4f701f2ecfdebfef9fa0cfbef07141b17081be50b10f9f719eaf0f107f4f0ed000a16f7071cf6001ce90c1ce7f0e82027f7ff111af0f6deec1c0013fbe90b1025ee1deb0eec13fb07ef1fe1f3fd1c0c130210e81ad4160a11fcfa13f321ec22fc0afb0714fbedf4eb02f5eeffed11f3ebfa06f40c20100407f509de,
0622e9f2e904fdf8f8f5e302effb1408f8ea0f1f071d1bdefe0afffe19e8f1e209fbf6f003070b000a1cf30031db150ff1eed82b2af900141400f4dcf327f00afeedf8041ff821ef0aeb22f4fdf916eff1fa1e2d0f0c0bf817e2110805e80e12f511f21af70cfa0c1106e4f7e10cf8edf4e606f6f9ea0df90c200101150216dc,
0523cccdd71724e9f0dee2efeb001101f5eb1a30101a1ddb140307f21fef04e707fee5e3fd020a040c1ef9f020d82dfdf3f5d81a21f7021222f6e7d20e17de000af1e90028f42ce2fee800ed09fd04eaebed052124070bf91ee11313ffd90202df06de26ef13fa011c13f0fedd06f8f0f50002eeeae62bfc102e0d06000010df,
2218d7c6bd1726f2f2e500e5dfff22f7eaef15392f1f32c307040df432de02da0200e1d80a0911ff051ff4f917d33413f200de30300710001ce0e0b8ff28d8f803e3f7182e111cc6f9e40104250206d0e1000d37280bfff92cca162400cc0904f11af536ee16fb000b1af203d501efeeeb010ae9f1d51af70e2605f511fa0ad7,
191fd1c7c4112bfde3e90205e8fb260bf409172d172830ba180000e015f503ca1100dbe00cf91cfd0029e8f718c7240ff211ed2a1ffb110620f7eccf0525e3150fe8000827131adb05d60303200b03e0f2ff0a33271402002cc31612d6c6fbfedf1bf31fea1cf3120927f404cbf7f1f2000b0ae2f3ea1efc1c2e15fe01ef1fcb,
0c20e4c3cc1734edf8dce008df0023f6db03103c044926c80902ffe018fcf9c122f7d1d41300140f052ef4f52dc24011001bf3282a02100c1c05f2d80c21d9140ae7e5011e201ece18e419fe1a140ae8ecf50b38230a04ed19d10815e1deff0dd30d083add210704f716e8fce6f0eae7fa0c0203f8f014fc134016fd05e81de1,
0033cdd9de172ef0e7e8d302ee0c1403f10e1b370b402dc6020b00f119fcf3be1e06e4d703fe06070b33e9f11bb22c00ef0be02b36fe0b1f1406f0d50d16eb1100d6f617222519d616e0120d190d04d8dff40d2d1b18100713a9041ce2ecf9facf170334ee2117060811ebffcffbecdf03fc060b01e613fa0421061717de15d1,
fa2cbde3c9101aeee9d7b5fdf8fe22f5ec011e34103824a700090f091afd08c0182fcacb0004110d0c23d0f116b03606e627dd1d31fb0913290fe7d10926ea1e08ea02032b170bd00eedfd0a261209d0da001320131b18152fa4121cc4d715f2e4000928f22d1b05061ef305c0f3fde107e109df02dc080913210b001ac4f0bb,
ff21d7d6da1d16e8e6c4b7fcf6001900e9130a20123d1bc4ff05f90c1907f6b21b21cde301fb100cfa24cffa21b61cf9e61ce9122afd11130e0dfdd9000eed2819ee001016221fe317e21d0a0a2305def2f30e1c0817121515a80416bbcef906fd1a0029e6210710fd16ea00b903f2c300da00ed1ef00b1e111e081afebbfcd1,
f120dad5e22302dbe6d9b7fcf0140705e40e0e13062815e2fd0cfd0204f2f8af232fc5f7ff0207000329d8f222ca24f4d511ec0723041311090eecd8f817081710f30af2151418ec11f6210e091312f6f1010c1ff61b140b23c4f115b7ebf8fb0113051efb0f1dfa1417ed0ad101f8c60ee011e32af2121d0a16071006bcf7ea,
ec0fefe5e71306ebfecebcfef207fefbe7050c19042015e4f30202f6fff7f4c32129ccf101f60608fb20cae81ee21408ce0ef40e1efe110b0a1cf5e8f51a021d1aea0af5130b04f404070b0f08050ff3f8070618fa140c161cccf509b8f3fafcf712121bf80d1700091af618dbfafcbb04f2fff51de5151710080b10fcbaf8e3,
f903e4d7ff230aeeedd5d8f9f5040efdfe0c0617012010ebf412f1fe0a010bd41a25e7f6f8fdfdfbef1ac6ea25f428f9d501080717000d22fafffae3050111121eeffa0315070cfa0013f6f5ff1205f0fae90620ea1a00f81ae5fd15c808f9ff0d000216e7030ffb0014eb1df40e0caa12ed08001af0f908191c07eff6c303dd,
01d6d7e3102300dae4dcd0f3eaf3090100090f280a2416f8f905f90efbff01e61137dd03000407eefd28ddfe20f22604cce126fd0cf80121f2f2f7ee0f191b1025de0ffc0ffd11f9021bf1e111fd11f200de0c2ff522f8fa24fef21bd3fce7fc0c19f507f10a0c110a0ff616ed1c16b20fda20f811fdfd0224141ce1f4d4ffde,
14d2e1e3fc28ecd6d6eedf09e500fd00ff06110e092f0b000106f5120ded04e8122ce8ec15fb11e8f927d0fb1ced1900d0e41005fb060827e5f205dc140f240a1de212fb050a19edfa19faeb0cf625eff0ea072b031afb000e0b0206e400e70a1724ee05ea0bf614fd1cf208f82818b906e421eb090502f1210922f5e6d405db,
10d7e8cc0932dbd7ddf4da0ddef8f9000d0a0207182e280d0dfbf110020cfada0d2edbed0b04ffe1f024d50015e31204d9f120e7f0fc002de3dc18f427f6231b1cea0ef8ed040ef2080cf0d80ef11df90dc7ff330a11ed0a1112fbfffa02f4f6ff0edf00ec12ec23040ff008fa1e09c113f221fdf517fce91b151bf8e5dd1dec,
24caf9de2118eee2d8ffd510e9f307ff04ef090716111e0b0008fa090601ffecf11ff6d521f814ddea34d61117f01f03dcdb27f9f508fe1ffadd16e10c09250129d924f0002013f5f72300e00fda240affd1131cfc10dcfd21200e15f111f4011b22e5f7eb06ef2602040905ec1211defbe626f9e616f7d41df724e1e4e705f3,
1ccaebcd1711efe6e711e206efe412040fec13ef26031901f812ff11f9060aebeb12fddf1e0705d1ef30f517f1e41c10eaea21fe00f8ea0c04f008e6000417f734d4200eef0d13ebec2a02e00ad12106e9da1119f112d1f22b0f0e1eed000b191c1cddeb0e00dc2bf90b0005e5131fe4e3db31e9d70f00e233003ce1e0ef0eec,
2ccbd3f104f7d3e3f613def5f5e611f906011af621f115f70000f91209ee19e5f207efe0270101e8e926ff1bf6ee1511f7f7080609f5cb040df018eef20e1af624e427120508fdeefc24fce80ac720ebe1fd0aff000fe5ee330a1126d6ee0f102119e9f5ff16e426fa02ffedd20d1febe5d823cfcb0eefd436f039f9f4fa05ee,
19e1dbf6fe0ee8f0010be8eff4fc1500060511f013f81a0210f800020aea17f00314e7e81a0108f0f508fc0815f02113ea09f2110707e6f502ff10f4031718120afa0f20061e00e7e7020dfc1be214fce715001d1908fcee20150616d8ed12120e1bf308f310e614030700eeef0400fdedf51cd6c7f6f1f313f51e0e00f70bf9,
0bf2f1e7040218091510e9f007f003fa0c0000f60e101beafcfa10f3030213ec02fbecfafdf80413fffdf9f509f12005f611f406f7fae8f2fafc2fff02f7000af00bf8220f24f6fc0defeff9170b01041107f61301000806eafefd00f5f600faf6f9f9fbfcf2fbfff81510f51103f20ae9161bfce0eb0524010c09f90d030bf2,
000000eb0f021007ef05faf6f5030ef90c050b03170a0cfaf7fbeff903fe0fed0305ef0006fb09fde900000203fe1504f9f80c07ec02ef03fbf3f700150602fd07100b07fa07f8fff80703f60217001ff7e60006f8fdfd1508f60309fa0ff00a0e02ff08fb01fa08f51906fb17fb000a021b0f10f10301fa0c080402f4fc07e9,
fd0908ff0bfe02fb00fafafb01000902f602fd00f9f601fcf707fafefbfc0405ff04fefcfbf607f904ff02f8f7ff090107f60708f9fffdf6050afffcfe08f8f8010009f7fff9ff0a05f8f9fffffbfa05030afbf60bfb09f90a00f90209f6f7fdf70405f9f9000300fffb04080a01fc0af60b03fa05f7080900f906fc0001fafd,
0607f700f60a0aff04f6fc0601060906090a05fefd01f7ff00f60afcf8fe00090a00fc05fe0601fb030af90400f9fd06f7090802f7fe0bf803ffff07fdfffe02fe08fbfbfbf90200fcfefa080003070804fff6fe02060100fa0002fbf9fcfb08fbfef6f8060106f9060502fb00fc0007fcf7f5f90000010309f8030606fa0004,
fe14ed03f406fafbfb000006f20bf8f6f412fff9ff010df21003000500fbecfd0efd030ff0000310050afc010307f9fe040ffa000c05090508110afbf5070a08f3f8f5ff11f009f201f301f7fa0001f3fef80a01fdfb1203f402ff0200f80608000c0908f8f801f2f700fb08f70efa010ff7fc0104020f06f200f70a0f03020a,
1110f012f512f3f00e0afb06ff06f702eb10f8fb0701f90209f807e504ecf11903060f04eb08fd05080004f2091decf1fd03fa051201030b182213fbea111c10eb01000f03e500f523fb030ef90f03fb031005020cf113fceb0febee0eea12f70af4020d0efe08f00805f606f116050b17fce3f6fc0b11fee7eff0fc160c030f,
f70dfa04e71000f6fffb100ef717e30af1180207ff1515ee070b03ff0fffec1b1200020ae2f7ec0406f00de8110ee6ebf115f6ee06091915f31016ef0309180bf1f5ee0e14eb03ee100313f5fc0e0b0105eef41811f70beaef0be1e50602fcfe05060804e8fb13030aede013fe19f3f71ff1e8f011110ffff619f11005f31c1b,
fd0afa0afa14e3e4eefd0c09e803effded202b15ee10f5e1020e05f800fbe6010debee1205fe040418001c110804f3f40d01eafb08fafcfffa0517f3f201fc1100ecf32608f719ef09eb1ff0f4041df9040021fc03f9f5edf80002e910f9f928f818ff00e90f0e18fb08e704ee170001fef3e8f1030807fae80bf70fffed0b05,
f016ff0fed08e9e5f8eefc14da0203fbe21f0d0bfa24fbd7fd16f2ea12d7dcef0ae2e502ecfd1b0e13000f031709e4130f02e21212090e0214f814e4f329051aefebe7390df612da19e117efe10111dbf2fc2d1c0fe615dff40b00e7060ce418e024f716ebfa060009fbdcf6fa11e80410efe8f70ffb1fd9e314ef1b02f312ef,
0010f500e705f0f3fafee0fff2f82203e806102717200dd9ff15f7d719d8e5f004dcec01feff1c1311f80a0311f5ff1f0712de1f1f0015eb11050bd2f620fc0ae8e3ea321e0008eb11df0c00fefe03eaf4fc2a0a1cf213e70c0212f201fa070ae21f0515fe00080b090ee5fbe314f1fffbf2e7f1f8ee18f8f325eb1b06fe20e2,
0329f5f7cffeea00f602d201ec020efde0fd1a29f9130bd1f80df4d713f5e5d807dae5ff04f71d1804fd0d0413ed110bf60ae71a1cf91a030dfaf1e2011fee07f9e7e61109ff19ea0dc50807fc0116e1060021111cf80ffffc0e0bfcf1f2fe13d6101027ee0106fd0d0aedf4d106ee01f7f0f5e7f4df27f8ef2f000e06ed23ec,
ff31fe06cb12efeff5faf402ebed0e00e3132038011710c207f5fbdf0df7d8e020e4dcf702fb1f1a0cf50f0d29de1e140d1edc2020000200220cf1d6ff22d70ffff3e62b1afd20e51fcd1205021c08eaf8f7160c28f205ee0aec10faf8cafd0dcb16f22cf007f3fafe13e5e7cf05eafbf9e9e5d4f5e41cf5052cf510feef0ada,
fd2ff9fac911f1fe00eff305eef812fdd708112d0a240fb800edf8d81607e9d314e3ddea03091c17101205ee1bda29101223d2241f0619062909f1d3fe17d80908f900220e040ce21fd1fefc041003eb01fb031527f619fd11d40e00e5d5f406d317fa20f20ff9000e11f5e2d1ebedf9edf7fadff3f82b08001f050f01ec1fea,
0a27fbeae41af9f2faf1dc0be8fd1308ec0f07350a2218c300f4f7db0903eed525f5e6e809fb1a1a1625f5ed1ee12414011bd71e2904100f190feed8111de70a13e1011c0f0c18d918e6fd000f190decf8f6fe1038fa120d22d90010e0c0f00ac20dfc29f416faf2191d03f1c4f4ecfb05f8f6d8fbe636050b29fc130cde16de,
0331f7f6e50bfcfdfceadd0301080afceb04ff1f051607e405e9fad20904fce313f1dfea060312221211ffe91ae827071015e22427fb1e0cff12faea1b11eb1405e8f0021a0d07eb26f10006fe2906fd0ff6f7222b06210910f0f313fde8e9ecc60f05140007faf6212103ffcdf6f40203ef0beafc002ff8fe25fc0b0ce41bfa,
1333050afa19f4fbf9efd80fff200307e5ff0c1c061603dff6f4f8e00807f5d01bfbe2f50df4001921fc10ef19e82802031ff22127ff1e131724f3ea1216e304f8e9f7091f11fdf531effb0af72206fb0804f40b17ff1f0e1edd0403f5d0e8f0d00d090f1108fdf515050400d3f3ed0703edff070cf836090b18f90e15df1cf0,
fd2c020af00adbebfbecd30c00200af8dc0afa06fd16f5d0eff000f70105e9db00f9ebec0b02f92219f905f312e409faf31ef114280017021c2a01effc0b050ef6fdfd06101505ed29f80407f527000111fff10014051d1a1ddbfd0dfbeffc01e91b0f1306fe18f2180af7febbfdeb0404ddfdf518fe3527fb1701ff13e508f4,
0326e70a050fcfebfbe5d6f8061bfcf9e403fff1060700e2e2e9fb00f611fecffe0ce2e00dfcf1190f01eeee13ea1300fc19f6121bfe19101e320df20a1afbf8010009ef0e0909f61cfd030af30a0d0c1910ee041013232120de0010e8f0ed06fd06111c1b0a1aeb24010916cafcf8f408d8010a1a02371af606070b08ea0aff,
ff15f3f1fa16d4e5eef6f1001b17f802edfee3ea040cfaeaebdceff9fd1214db050eedee1300eb0f0919e7f51aeb17fdf123f50e1d0718150a250c020c15fe0c1802f9df070a08f61c050014ec0a0a061202e707031023271eccf20cd6eff4faff12181019f621fd200d0c24c70314d616e205f726f6302ef5020d0502df0c00,
fd0fecf30d16d1ed01ebfaf816f506f800edf4e50507ffebe9d3df01f9030ffc0a14f1ea0ef4e81e1610cde612ed2500df10020d2600140c0920f8f40d20ff071a0403d20a06fbff190efe11f00b0b09150903110014140820d70411d6d6f8011317110812fd1d071b060e0dd8f600b80fd714f01e042a32fe0a12fa06e2fdef,
01f3fdea0d1bd2f103f6fa0a0ef41500fdf1f7fefd1b11faf7dbe609f90a15e90e16faf50bf6f319001ec0e803f52701e611fc150dfc270cfc13fbfd1e15050017fd15d60c03080605040502110c01121b0c061200040f001fee0814d4e703fa0b1a130c020016000e11150cdbf507c00bf521ee16fb0f28070712f4fee212f5,
eefaedd7ff1fe0edfdf0ea0f0804030310eaf3f8040f13fa06daee00040810fa0714f80a0506fd12fb07b7eb0efd2609d308fb0406fe120cf602eef924030c110d021bdd0509fe07fe12f70009040fff0ffff91b051110010c040122d8dbfa000c15120d08fb040110100001e908ffa717fe20de16f52522fc040fe7fbe018f3,
fae2fee7fa16caf5fefce819fbf3090000fbfde90d1009f7fbece70709f4fff7020bf60000fafe08f906c3f40e001707c900f3fc0001060cfe0209ed1d1511001b001afafe0602fa0114e60809f70efe050a001bfa0010061c180106ede4f2fc040e1207ff080f0d18150001d51915ac12ef18cd16fb110504fe11e7ebde18f0,
f8d8fbf30c0fd3e3fcf6f31c09ef0efa0de5fff80a0d0001feecee0d010d0802eb00ffe607f4f206ef14d50d000301fbe2f706f70304fa0bfffbfbf6080421071b051cf4f801fd0bf317e9fd00f9030104070c0802fc0501092c0707ead6f513fc0ffbfd0207ff120bfcff0bd31419d201e423d909050d0016f00dd3e5ea0de0,
05c90adb0a1cbce7f6fff31cf807f5060be300ee081003120b01e90ae81104f9f20c03e70afafaf4fd36d90a02f9fef8c7fb15e5eefce418eafafefe18fb230420f61ef1f7fff90cf71eedfa00e91b13fefa0311f801f80c0334fefbebf5f8100d17f2f605fdf31a15080d07e61d15dbfcf520d3edf112ed19e625dfdbf00edc,
0dd2f9e2061ddbd6f71afc0fe8f8f2f908e4ffe1070dfa0004f6ee05e813fcfff21510e21309f1e6f01fd10af4f40200e9f305e5e1f7dc07f5eafc040bfe25f81aeb1cf8ef02f906e21efce7fbeb1b0308f60e1601fee20a0e29fc10edf6f80d0815e5f1fa10fb1e05ff0507ee170be3f5ee18e0ea0514f01bea1de0cdfd10d8,
20c708d91409ddf0f7220b0edd03fcfc08d5fdde1308ef16f304ee0af1081106df1620d030fcfddbee0ede15e7effa0004dc12e2e7fbd600e9e5fe020bff1af234fe2a1bdf0bdb02e22ff3f000d31400fbe304130504d60005190006f60a00002523e7e0100bde2810001403f90e19e6d6f61cf0cf0403e220d226e5c60a07dd,
18d316ec292804f3fa26ee1de502edfc16edeedcf9f2021901ffdef1e713f7faf2001bee1e05f5f1f101f205e8010cfc06ef2aeaf0f5fb0ed7d3030c0cf317001a08091cf213e019f41ddbe3f6c8022619e1f0240de3f600fb1ae800fb10dee9ee20d5e127f0f01b0cef1708f7fe02e5f2f812f3d11813e017df1a05e40f220a,
19d5fdfb2b1e130cf22bdf140009f6fe1b00e6e7fa03102606f2dbdb03171febfc020a001dfaef1bfd1509f9f2f723f400f52eff0408fa11e6eced2216f3ec03071b0212f8feee1efd03d4dc07e4f12d2ce8ef3716ebf9ff030ce714ef15d3eae908e4e123e5f616000e100901070007f0170f0ce6180b0010ee1004fe113116,
ffef00062c29f7fdf10ee2fd051af70110f6f7030e2f1a090eedf0edf0111300171e0bfa050be30d070e20fcff0017ef11f621fe05f6fd1b0600f014ff09ea0f0c1df4f90bfe09011106dfe61200f5101de3ed171af206fa0ef4f60bfdfce603f600fbe707e70c0707321000100f180809041007ff260bec14fc2215110a0f26,
09f0ed011608dff3e9f3f3fb04fb02030005090a051602fafcfef9f206030ef508fd00f00703f906effb1809f6fc1dff1208161609fff90a0f09ff09fb0c05ff142100f714fe08ec0bff06f203f703ff03f1f0f70605fd0806f01418f0f3f70beb000004fc00f406f6fcf6f9f2020406ffff04e7f00704f117f91eee06fffd12,
01f80a00080907f902feff09ff04040a09fc06f7fffe0704f8050500f704020004060202f7fa05ff0700fff908fc08fcf605ff060005f9f8fe0107f7fb0205fefc07f9f500ff09030001f7fafffc02fafb0000fd0afcfdfa000203fa040100fe0a0200fd0a0a0905fc0703040307f509fff6fdfb00f9feff00fe02fa00080901,
0102080009060103f80108f9fbfcfd0603fef707f905fdfaf9fcfdf7fef9faf602f80807fbfbff020502fa0afe05fb05fdfe0afef8f80afe08fffa080909ff0507fe02fa050609f8fd0a07fefe0afb00f7f8fafdff07f9faf902fbf8f7fefaf8fa080afcfcf9050000fffe07fe090901060afd00f809030006080a0509fa05f7,
f504fa12f701fbfc000206f806090703ff04f3fa060ffd010afc050804eefcff0c01fc0400010a020401fdfa0d0b020800fdf60a0cfdfef800090bf5000d0800f800070c01f40602ff08090e050106020001fa0004fe07000dfe030004f1160dfb050708fc0512f8001af20cdb1003f70ff7eff70af8140cfd03fc080e0701fe,
f5fbfbf7f50ae2f009fc0ffcf5030003e50bf7e4001006e90406eeed05eeecf311e0ff12f4faf71714da18f40d120d02df13e21815f81b13070616f10917130bedf3ee130f09fcf70ff20cff09f201fe0ff7181a11e21ddff70bf8f300fffffbfa12120cf4e80dffec06eff9fc0eebfb1b03f4eb17fd020dea12e210f2f0140b,
e50efbf9e308e6ecfdf20a0cdd061107de211511fb11ede80815fcf30df3e4f404ebf009f3fb0c1116dc1dfe1a19f5ff020ae0121b0a130807f509f502170804e6f5dc241b0f07f516e5190e0a010cf50efc331b18dc0be3da110ee91d0ef80cef241609e011f815f314dcfeee19e91b00f7def502fa07eaec1aea1df1f20200,
ea000311cf18ddf10afa0d04d90200f7d3260cfb0806e9f10a0aefe7faf3d40604dde011f1f718f5150025f3140ce8fdff10eef6fdfe0b04f1da0ef8f00c0e16d402e7330306f00025e325fdf6fd19f100ff0f1810c611fede0dedd70b1feaf7e40d18fae3ed09f705f1d2fff018ea0b16fccadb1bed0ef8cc16d61ceef10ff8,
f8040a16d50ae3fbfffb0809e2ebf904d11c0c041e10fbe10a0aecca04fbddfb14ebe205ecf9140b0af21bff16f7e90d0a0ce606fffd0b0aeefb03e4ed06ed0ada06f02a091803eb1fcc190b00090afc0c06100b14d60af8eb0bfae600f8f616d80f18f7f0fc03f40002ddffe609e7130e03cad1fdee11eed907e825fce819fa,
0209fc13d304d8f5fe020001f1f0fefde313080d0afcf2e90b10f0d20005f2eb00e3dff8fff70e0d05f10eff0e000a0dfa09eb0a00001308fafd04e60114de03f603e830110007f11dd1fe0a0307180b00f615000ff4fff6020b0bf5f2f6080ebf230cfcebfff8f6fb04f6f0defbe7030109e7defdfd1cf3f123f11afeed0ff7,
0c0917ffe40ecf0b000d0201e0ebfeffec060e21210a00ec050af3c40dfff8d510ffe7ff08010a0cf4070b050df20905050df902f8040c0afaecfcea0311da010004f72f0afd04f417cb010f14120c08fdea0e0d1fef05fefafc0f07e8d10807bc1b12fde702f806fd04fde9daf8e302011be8ed00fe05010226fe12f4e51de9,
220c1bf9ff12e9f9fc030312edf70602deff021d0f11faf7fc11e7ce0cf906df0bf2e6f905fe0a0700010bfe08ff18051114f208fd001b05ededfef90011e20ffffef1210101fe0010d00613100b080700eaf61617fe0ff7fee9fb0ae3d507fdb6250606f5fdee040b0e07d5e1ece610fb02f6ebfe021cf71120fc0000dc23f7,
15071c000306db00fa01f112f8080604f901fd080711faf00cffe9d907f9f7d30404ecf215000504081e03ff0af01f001610fb0306091a01f9f6f1001905f11711f3f613f1f2060110ee01ff0c19f9fd17efe91b2d09040001ebfc0ce5ec00fec6090b130001e201132412e5d9f1f409f60b04daf20229fd1107f4f504ee29f3,
160a09131efcce040102e0fdf61bf807f901fa06fd12050b06e5fce7fe040ce20300f0fb0f00eb0b001a09fe0b1009f12b120a1f13fe1c0af4f5ef0e02fee309fffffe0af3fb00fb16f8f401f41bfc052101de0734f80a010af7ef04d5f800e7ca07040a0bfae900231b27ebcceff10bfd0d01e1f70a35f7081bfff708fc1e04,
0d0e091515f0b713f80ad5f10706050000ff040a0d030302f0eaf2ecff0605ec01fef9f50d06f10ff60d1310040106041e09040c0ffb0fff03fcfd05000fe6f90100fd0a030002fb1a04f803e40f090b27fce20428ff090a0df00702e3f506efeb0706040bf7f1fb2b111af3d9e3ed13f1fe04eafe0f2104000ff9f10aff190a,
f6170c1807faa10a0010bdfa110501fdfcf901060405f5f5f9d80002fb1802f3f714f201faf6ed1808200d01ffff0cf32018071a0af6fa08160efd160c04f4f50f0efbeff3e80ef20d001809f61cf709160de6101d07061afee30004daf514ffedfc1404160ffeeb171211fec7ecfe1cff080df0ee0f1909f712fee01efb110e,
fe16ff180e03aa0c0effd7e916050508fefc05f80b0e02f7f5e30a13fc1200ef0111f7f40807dc1a030e0b050a01fd001520020d11030ff70a0f03041113f6fa090901eeff000afb1e0b210df308f90b160ee707161007190be005ffe7f905fefeff0e08040c06f6070b1c00dbe6fb0f09f210eef20d1c19f5100bd314021301,
f315f71306fca8061600fbf31b080c0403f8efea0e0205e4e6e10007fd0109eff20ef3f609feea0e0d13fd00060303fd0d1cfc14180401050e231404fb140cfff81511e10306fff91efd1e08ee12040e0f0efa070d14192704d70006eef10a000a0a130d0efa07eb190418eec9da07010ef013df05ff1b1ef20006e616f50bfd,
0010ff0305fcac0b130105051afd080100fbe3f6050009eedee900fcf81317f3010bf7070208da190516f0f000072005f91ef11c1f01160b1220fd030d190c0209150ae20e17fd0008fd240befff07242410e90b0dfe22090fcc0100e9f009f30c0a140f09ed0f05121519fdcbe402f012f11bd20ffb0f37fd0b00e00cf21c09,
f7fcede70f04ba121ff8040a16ec13021fe6e3f9fc0917f7e1e4f5fd030c23f8f80bf8f80f02ed10fb12cce701041f0bef0e03120bf92504001bfb0c260c04fe111d01de0c05f71102111308fe02ff20330bf00d070d0af416c60815d3ef09f40b1b11070f00070103121befcfe5fee500fc28d110091932fe0011d9fbf80cf5,
f7f5f8e8050abcff1800f8191cf61cf61aebe9ecf00a04eae9d4f80eff101dfff71806f90304f30e0d1cd1f9fb0a1c05f212fd0e02f617020917f50724090b030c0905dff905f709fc08fdfd08070a161907031f09f90feb04ef001cc2d3ff041a1b1d0d00011411091219f1d5ea09c211fd24b522041629f20815dbfef90aed,
ec02e8e9070acbf31e0af31c11ed160511f6fbebfb1000f1e7dcf705f0120905f90c03f30006ed180008bb04fd111d0ee408052103f916050e1300fd21000f02080c0ae9f7f7f8080018e0faf9f218111eff071ffafc0ce8161d010ccad9f20c0623130614020611131b06f6d7050bba01f117c71103131c00fe05da05fa09e2,
e9e9f5ed0f0ae3f01dfdf80c0bf107f710f2f7e5001007fef3dee802f4020ffd000d08e61000e809fbffb700fa100cfbd1f9fd180ff80e07fa10fefe1e000afe16fe11e8f2fbfc08f00ccefcfae60712050df72100050af30c380016daeff2f40917fff71bf9050917111cfae20a11bd04f62ccc0fff131012f515d2080401ec,
f1ecfce10710cae91811020a12f7020a11edf5d4ff0804fceee0e908f00611fc000d0cd804faf5fc02ebc503fe0807fcc2f8f4080b05f507020400000f080afa0b011cf5f5fcecffe618d1fb03f402000b0ff01f000304f41a38f20fdcddeef9040b07021c01030109120604fc0c1cd201f724cc00ec060009e417e3f91b0fde,
fcdafae40b21dbe710fe071806fb07fd19dcf2c9070e00fbfce5e3f8ec110813f70a0ade12fce5f30cf6d6fff40200f8c4fcf0eef504f100f2fbf1f023f30bfc14f82902f50ee811e81fddfa00ed0411fd0cfa2305f5f506013d001bedfdedfc031afa0110f7fb0c10101300010c15d000fa22e704f512f61ada14d6e41109dc,
08e30ae60c0ed7ea0bff0311dffbfd0a0fe1e9b9f015f4fdf0f9c50eecfffa00f61503de1a0305f4eff6e609eaf7f800e5fb03e6eef6edfaf5dfe9fc10fb27ff16f9261bf21ade0cd529fafef7e3150f04000c15f2f1f415074a0cff0613dc0e1c39edfd000ef82e050ef9f6040008e4fafa1be6e7fa0df729d914e4e30410d3,
0fe002f11712e5eafa13fc17ed0807000de2e8db020b010b05f4d701db0309f8f70309e12b05f9ebe608f207ebf90505e6e811eff1fcfafcf5e9ed0517fc1cfe26ed2e15f21ae615e82bf0f0fbd5120c0bf3fd1704f3e9fe132101000405dd09012dd6f316ffe92c01fe00edfb080ae3f5f21beeddf700e633dd2bf3eb0400f3,
13ea00fb393001f5f01bc711f91204fb27e6edf5f21214140ff3d1e8e21c1df00f2420ff26f8fd06ea1900f5fb081df007d83cf804040823e2eed7112304fffc20130ffbf900ef150b0bdcda0be5f82d23e1ee3318def908150a0004040ccdf7ef19dee122d9ed0b0c0724f90f020efe02073512ef1919e023002e19ff023012,
03efe5fa2d2212dfd8fce500ed15fbf611efe3041113190d0ae9d0fefc0227000d0f0df31cfbeff8f9001107f9f428f7fdd929000609f019f8f2e5040f1a0df60eee1dd916ff07f2041fdbeb18eaf60df9e6e9120bf3fa0e29dcf819f411d00a040ef2f30300f9040d140af30b0619f6fa142a12eb1101e024fd2a27fbf41a06,
14fc01fb15fdfa03f5fbf5f3fa06ff07f3f1fc000b09170af8efff000bfafff7fa14fbfd1207fefdfa00040cf2f30c0f00f514180c07ea0e01f700f6062107010a0518030612fbf00f08e7e200f20309fdf0fffdfcf1ecf824ee000ff913e711fd22f7040800ff0607fb00010ef60cecf90f1601eb1403f31e0e140efa02fe02,
0afc00fefefd0a0a0005fc050304050afefb0a0afb0b08060a0003ff0304070af801fff9f8fbfc010109020206fd05faf50308fb03fc05000409fd02000800fffc0707f80004fd01f6f6fc0306fd06ff06000209fdf8faf703fcfcf8f607fd0808090bfb0604fff500090004040afa02fcfdf8080a05f9fc000bf900fe03fbfc,
0312f8f8f318fde9e9000801080911ffe915f3f7111105f715f5eaf4091700eff60909080002ee080ffb08ee0aee0afef60ef00504ff07100f0611f20d080e0ff10405fc0d00f6f618f8f7fe140e02150ff0f00613f00a07150efbfee8fdf908edfd0711ed0107fffa06f2f1f10803fd0bfcf7fb15f00e18080af60aebf604ef,
04fc0b00f309faf8f0f9ff05effb08fdff0c08fd0106100e0b060dfc04ee0b020712f2fd0905f3dff819000307e9fdf90611f800f708fbfafef709fa00fbf8f0fe00f706fefbf60d02f8fb060ef90117ecfc0803f404f2fcf70afffd030605edf7ff020ef6fe0302f616f2f90cfd0cfe0910021ef9fef8000f07030ae6fd14fb,
0117091adb09da070500030eec120f08e617090f021608f50d190aea08f6d9fa13e3f220e4fbee0913fd33e72610f3f6f022e40407061202f7f711f5ff27fb00dd20e8272f15f30031f50d00021a0212f9f0fd1506ca20ecdd0ff1ebfbeefeedf2fb1807cbf608e8d90ed5fbfb12f8101602d70619f3f417d918e635e8fa3708,
f6fe1401e714c0fe0e0f0e09ecfc1a05e21cf3fd0d25ecec0520f9e007f9df0d02eefb1106ff020421f721001609f705e40de809fd071004fde604f700170812e214da230b20f9f920f2251018f40e06f7d8331e04d811f5d71a04e72afb000ee2352712f105081ce508e300f826002005f6d3fc12f8f4f6e713d929edf12eef,
06ef19f9dd0ec5010420ec1eefe30407d21bef001216e200fb11f6df0b04e3050fffe8140c04f70110f207040200fbede421e8fcf2ff1d03d2d907f90e13eb10e113e627061be3191dd807041cfa0917fbdd1311f3d4f702df0702f413f30b0fd52b16f6de03040eec01def50210f0f90c10c70224f20300e005eb11d1dc1dfb,
f7f20e09d30cd0f90418e914ebe3f8f8de0e01061311fef2fc0503c50af8e6fd04f3e20d0003fcff06ee19f6110ffa00e625e3f1f2f81e08eddf0df80010e710e41ee0340b17ed0028be090a1501050aefe6020c07d60008f31200ea06e81307cd1816f8e603fe06fa03f1fde60cf4190c09c4eb0eed1cf0e314df1ce1f11cfc,
1cf514ffe5fed1fe031ced19f0e1fa08e10502fe2a0ef1fe000cf5c3170f00f5fd00e8070bfdfff5f8ea14fb05fc10f3ec0cf800f8050a08ecd9feecfc0ad8f9ea02e13713fee90814bcf70a19ed0b1af1eefe0500f00afdf915fefaefe10c18c31415e9e7030007fd0500efeeeefc050002e9edfbf50ef70210fdfbefe312f1,
22e60fffe814dcfffd17f618e7eae900ed0d030424fe0bfc110dfbc30af9fff005fcee0b0a05f20000011e07110716f6fe0ef9fafc011711dde70cf20002e90df004e926fc00f80518cef1112a04170ffcecef1714eb0703fa19f702f0d10604c22511f7e4f30003040dffecf1f4f00efe02f5f6fe0819ef100a03f6efea2f00,
29fd15f90119e9fbf917090fecf2eafeec0400071dfe0b0f1b15f6c919fa08e400f9da010805e400fa0715fe0c0708fa0312fbff06000e1adecf1300040fe511f6f4ed25f3f2edf81dddfb140df6090bfdeede1324f501fcfa0cfafacee8fef9b60b0deefeeef5101e0c09eae3f1e8060e1702f4001620f50d11f6e6faee290b,
1d05120a0318e500f504f900f00ae5fbfc05fef71f0afe0b1101f6d3160c06ddf6fcf20f09f8daf9090a1af81c0a06ee00140001fdf70310e4db0f08f4f1e211f000ef0800dafafc18f6fa0911ff07040cecdb1d22f70bf6f5fdf6f6d2edfffbd0ef09fbfeef010128200af2f4e9e4190f0dfb0b051921f9001406e7fafa240c,
0f11f7020304e00df31100f0f405f0fafc0a0f0523f60a1221f406ee0d03ffee0310f71000fae7e708260cfe1600f9f8100311fcf606030ff3df1102fff5e5060309061a00cc00fe080af911030c10f4f7f9d4182e060b0f0a00f604d2ec0beff0ec00fef6f4faf71b1514f9e2e0f116fc0610fbef1514f2050510d9010d1d1a,
030aef0d19f9d515f41adae3fd00ee0014080b011704070b10f5fdfa150010f0ef000007f9f4e6fc002815081a0b06f71218110bfbffed0001e8ff0cff00ed0b060cfe0afdd405ed1c09fb0e000400030807e3162a1c01f9fc11fc00ccf801f5f7e20200070df90013181de3e2d3fb15f41003f9ec0d1500fc0800c50800251d,
ff30e50904fbe009fd12d1e8070ffaf619f808070605161122000a141403fcf8040f0315e7faecfe0c1a0e05180902f62c1416fe0400ff08000107090ef1e4070112f9f300c51def10f70c0bf71900f00b04e11b3b27070bfa03fc07de0603e10cd80604ff0000f8191613f7efdbf71ef61e11e6e91e110ff521fbc5130b2014,
ee38e61711f8db11f600e3cdfd21ebf620f30e1cf80c16fd15fa201213f208faf90ff704d9fced0013170eef140503032c0d0e020df5fb000ffcff1412f7fa0d0bfef1e7f2cd16ef10061a1cf91afced1813ee262e1b080c02eef908e8020aec1cd5050c070c08ec0d261e00f5e7f32bf71f22e6eb14160efc16f3c316192316,
0026e10c1704ed16fbf6e6d60d16f2ff2bf2092af20b31091cf11518140000f4f408f608da07f7fd111603fb0f000c002e12141015fcf9130009001200040505fbfef7e306d919e606022812001f04f70b08e72a2d1a0309f6d50006d4fa07ea04e30d0b05f400f8051a1e07f6e2e316f71326d9e50b0109ec27fcbb170c1012,
fd36e21117fbe414fcee0ced000fffff1dfc1929f4061e110af82106160503f80108eb1bd903fa0304060602030e14f921221d1106ff0613ff1e001504f10513fd08f2f307ed1beb05ed16110a23fefc1a07e5292c1010fe02bdf4f7d4ed10df0ce1160b03ef0bf708090b0deefaea1afd1f19d7f30d0823fb1df8c425111317,
f726ef00140ffa1a100017fe1207ed0823020816fa14270413f924f90b060c00fb010007eaf8fbfdf60afe03090607041209160b0a070f190926101c0df71407fe03f6eaf9ea0cf6fcf600090717100c1100f41a1d110be2f7adfe00d3f413e000ed0c0b02e00e0a0d121911f403fd140d0a15e0010d0529f90bfed316031523,
e218e202070df70612f5090c07fdeb032e06fd11ef1019ff03e8230b09ff0c070c090e0ee205f8000df9e8f3000700f7060c040002f80f000925ff0609e00c020e03f1e1f9e0fafa000de816fc200a011210ec25160103ef04d8ebfdc2f712e603ec121b08e9000b00131319fa0d06e5151422d917ffff23f8fcfef118001b0c,
f8fbf8ef150ff7041500020b00faf0f52ce8f600ee0f0002fae40701010b1600f90707fdf201e9fe08eed003f80fff00f5fd03fc01f90b010011fd1209f50f040800fef2f0e50409f811d8070a02051311fa0123020001df000cf200c602ffeb05f802030eec0f090d1d0e19011800c2fe0821e410000320f4040ae300160600,
dcf9e1ec070deff6200afc14ff04ebfe23eaf6f5e704080ef8e7090df2100804f81510f1f706f1f40af5d5fef70d00fbdf030502fb030402fc18f40014ea16040508fce9f1ebf6f5fa11c50105070cfd0d04f81601fd03e8fc3c0100d5fc08fc1000080210f20f0a04100814060d03c6f80c20f214fc0f1600f90fe7fd0b12f3,
eaf0e6f50903e6fa18170e0f1002ecf719e8fbe4f211f0fc06fafb03f4100f080d150ceaf006ef030be8cdf6fb080402d0ffff00fdfcff0afd13ee0e03f900f413070207fbe2e803f61ac9080a08f7000afaef1300000bfd003efaffda00070709f106fefd0b0e08050b02120c0d0ad90bf91cf80002fc1305eefcfff10604fe,
f0edfddaf917e8ee110a101619f6fe0412dbf3dceb19e80cfaf9e5fbea180c0614081aeb13fdf70d11e1c806f60905edbbfd05eefbfff6f9fb00e30f16ff02f6181202fffbe8dc07e617da0914fee71b05fd001beef800050b3dfb02fb00f70b080c040216080e070c060eff150419c708031d0500fc000515e715daeefa13e8,
fed004f80908e8e4160b0c1903f8fa0202d0e7c8f60ce90be9e3d3f1d423030c0d0a1be02800ee0008d3f012e605fcf8c9ef13f902fc07f5f2f0c50c15f500f112ff150702f5d30ee624f7f300d9f7201de20214eddcf80a1050fcfefd11d70d1622e2fd11fef617000301fffff423e4fdf7250efe0102ff0fd417d4ddfa09f0,
0edafced181705cff410ea16f6ff00fb17d4e3dafe17051908dcc310cf191aea211918dc24fcedf1f3ebf0fceafa1dedd2e420f10607fc15e5eaccfb210f12e922f12ff50000dc17f33603ed0bc9091f18dcee2cfafcec092f23fc0c0f18c6f21223e5dd2af6e51b1d150bfb1cfd26d9fbe83409e00a15d32be023dbe90212f4,
20eaff123d2913cfdb0fc515f304ef0819ede3faf41011260ce6c0f5e5191ef6031825e028fbebf3eaf4fafae7f71b00f0de340913f7142ef9fce303171508fd14de27fe000c0212fe30e1d200d2f8111aecf3200af70aff3705f216011ac3f2031dd1e537e1fc1306202d080bfe21f3eedb2922e5181acf3a0034fe0b0f24fe,
12ff07fd2e2d06ece3040115f60c090a01f8eff30e1d021313f3c80eedf804ff110706f52200feef020a08f7f4fb010403d61e050bfd0a17e5ecf5fb051413fc03e614e9052ceb01f621ede0f8cbfe0d11ed011612fbf6100b0ef7fc0e08d4f4091de8e523e1f6051225120b17f504ed01f6131ff90d13e816fc0b00000026fa,
01faf80d00130bf6fcf6f00205fc0afb0cfef1030808fdf711ffe4fafcff03fb0808fd000a0900effffffa03fb040a01f5ea061107ffef02fc02f5fefb0317f708f312f110fdfbf6f90200f9f4f0f8fb020bfcfe06fef70c14f6021214fee009fc0cf909fef10004f70e06f3020006ed0503000ef601fef302ff030d00000bfd,
00fe09fdf9fcfa0af8060801fd02040204000200070008fbfbf90b01fefa08fcf90107faf50407f50505ff010cfafd08f7fd05fbf40af803f5fe00ff04f8f908f7000102fd0000040506080a02080c08f8040407000bf80afefffefef6f80608f5020bf4f7ff09050408f60609fafafafcfbfbfe0000f8030002080104080800,
f806f5f2f50df1edfa020312fc0d21f8e71905fcfd1906fd050306f10208ffec00fdff06f9f9e803141a0aef17f308f4f107ea0000fa1a06effa0cf213160e04f0fd03fc100f05f903e50a0911010203010600170af30d0c020df102e40000f4fb000300f2f718080206eb00fd0606f20afeee040df503100012e814f6f90a07,
16eb1503ea0bf609f91800fe00ee11fdfe05120d0e0417070c1e15ee18ea10f80502fc04f8fbf7e7002c0afbfef4020b090efef5f0faf8030100f406f500f0eef914fb170df6e3160ff4ff132801ff1aee030012f0fef20ffade0600ed0113faeb0315fafafe0c07de05ff0211fbfe17f5170a1a0cefe0fbfc0c0427020c2bfa,
0cf41f24d711f1041711f902eff510fce621060e0012fe00062622f712faf30ffafaea1cecfff7ef17053ff61617eeece829f7edeb0416ffefef0ef4f911f6f7eb2ce622210bed0b2beffb0514080115efe3fd0f00cf1303e321eef9f6fb21f0f9032bfaddeb0cf6ce09d60f1216fc301421e21412e0e614df1cd627eef42c04,
f4020f16d610b9fe2218ea18edee2b0bd01df2f3002ff3d7041200d810e9e4fafeeff510f5fef31a2fec2fe31a2308f8d52dcf100cfb31fd14ea1ce90e34f302e618de27391ae4ef20e01f0914fdff11f7cd231509bc27fbe2100bee1ae5fe17e93c200dddfe0e0cd924dff2eef7e12111f2d2ef21e8000cd70ac21af9e420fc,
fff524fce1fdbeed0e26d423f2f21703e21debf7f932ebfafb00e8d1fb0df6fafffaed0b0505e4170aee19e6120f07e7d724ea0b00f9230ef6df0cfe1320f204e910d2181d17ed0d22cd10f817fd002d03d70514ffcc1700e2fe00e618dafd13d6391511ea0b0619fb0cf5e3eff3ee0817f9d600210119f6e609e501ebe92d02,
0ee6200cea11c9070e25db16f8ef0501de17fd020113fa09000df1c308070ded0c05de120001dc0d08001cf20e0511f1dc16ed0000f52003e3e30efa0905dbf4e41bdf191bfde00916bff80629fff81604cdf20cfde50618f9fbf8ecf2e004fed00e1efeddef0802fbfff8f3fae9020bfb01d9f814f109fef307f00feded1f00,
12d72104ea04d5f8f80ed818f0dde805d511000719fa0107fe0bf0c80e0e03fe0b00ee0912f4ceff0cf715fb180c10e1da0df8f9fb081c10ece102f0f710e9ecf200ed250bf5dc0808c2f60212eb0d0ceee1dd03f5eaf7160700fd04f6dd0006bf1a1cf0faf102120005f3f3f9fb0108f505ea02ff0111001a02f50ce6e11d06,
27e910ffff16d8fafa1bf00be5e6ee02f70a04041bfb06191806f3cd18150ef4f101e6050bffe0f901fc010112030de4ef030bf704fb1515eed20a02fafbdfeaeff3fd18fcfbfa0a18daf6001cf80e1201e2db1a0cfafd0a04100000f9cdfe07bc1319f400ee0f0a1dfe0ce4faecf0fdfd0c000bfd021aef17120be6e3011f11,
26ee1b04091adc0af9171411f9eee3fa0204fdfb24fa071a1310fbce1c0205f6f90de5060401d1f4100615020c0002ecfdfd07f4f4000d13ecd9130c07f2df04fc00fc1104ed00180bfdeb1220f11e1300dfd51516f8fe08f80ce80adee802f8cef11bfbfce10c0c0b0b04e2ffddef0aff1400240d1114011704fce7eb000f10,
1af60bff0a1ae60a021410f904fbe6f813120d0422000826230b04db110e0beffe0b020908f6d5fa09150bf70a0205f205fa18e7f4f8f615f3e20a07fdf0e2000809021703d901080714df1a1f030800f100e01b1e15f9fc0f07f3fdd7e402f4e3e916f403f3150a1b0a13010be3fc080205fc1d0d0c03fd040a15dffa001f17,
02f905f9110bebfdfe0c03f107fdf3061e15060c1ef5181228090df41afd05f101140405fe06e1f5052a10f616f0070001030ef9fff9ff07f5d5f70ef8ebda02001a070000c901f6020aef1f180008faf30be8232317ea0dfd22f80ee6e811f3f5d916f2faf80d00111213fcf8dff9160f1d0312001207070c070dd7070f1914,
f313df070314fb01f80fe6e10611f3f41c13091818081710250d110d22ff070a021b0b0de1fbedf3141209f41e0803f61f030df903f4f30afbe8f50cf6f0db08f71501fdfbb506ea090bf104130802fef301f21d2d1ffc07f731f309d6f313e906dc12f8f70e18fb181d0e1015e6f920f2281008f5120a10fe1406d414172118,
f323e512010b041af7f8d7d4060ff8ff2e020b1701ff1f05330d14232bfc0d00f818fb1ce1f4fd001afe17021c0c060420070a050c00f403fffef00e01eeda120b02e9ed09b90aea10f8f70c1a1201e5f910fd263d22020bf323f500d2fb0beb11d41af505100ef90f23060411ebfb24002511fbe9080505e70ffdce11202312,
e432d70b0b081a14e9fadfccfc1df3f430f504160d2123043bfe1b272df5fef9fb10f61fda0409fc1bf21dee19ff11002a05040f0d04ef110107f00202f80f0cfeebe8ecf4c11ee30f0319100c1906e50005f3374730071e010ef607e4000fe52cdc04f9f00903fc17210d0d0bf9f021f22716f2ec0e0befed12edd321210d13,
e82ad9231d0a200ce6e9e0dd0524f4f236020f37ff17301631f819221cf40df1f51cef18ddf30cfa10d60e090c0e07052d141a0a10fbee131119f419f6e60f1708f3e7eb00c92bdcfc03251109220be60900ee1e3c26fb0fefdef809cefd14e524cf0d0c000208ee1511091e19feea2bff1816eeed0cfa02fc12ebd52a101a22,
f226e8091004221bf2f61be3fa23f4f42cf60a320009211427f527001ffd19fe0219f10ed8fe02f7fbd416fdfafc0cf8271221f6fc05f00bfc1a061106ef030c07f6ddf4eeda1cde03f61216191707ea0a01f92a2223f2f5fc9beef9e40625db17c9240ff5e606fe000d21161021f418fb1520f4ee18f60cf515ece120170f25,
f71708020a161009fcfb29080318e9ff1906101509180612280027001207120003220a09e803fa0d02dd00fcfdfe05ec071314f3ed000b060227061403e3180d0f07fafff1ec0c000803031b0a22fa0602f9f418130c00f2f49af207df072af115e1230befe50b0b060b09251e2d0415091a15060705f81afe06edf009041a17,
fb0d10ff020d0a101405151a1410edfd1a00080ef2150e1717f521f4070d2107130d0e0bf4f6ff0211d9ebf9f20000ebfd150ffef3f90e14f925031a1ed51200090eebf1f1edfd0e0609e00c161ff903120ff40e020903f6f3cfea0de8111ce8f8e82110f7d81afef4120813231f03fa1a061d162b09fa2ff307f4e9fb00151a,
e21505fcff0c0d03251b11110d06f2fe13ff0200ed0e060910f218f7fe08180a031616feed00f50119d7d1fcf30708f5000b0000fcfc14060120fc1b0bdc0907fe08f0eafadfed10000ccc131822020c000af613fc0200f1fd14fa04e60705e203dc2c12f9e5230dfa1910161f2406d71a10181526f30930edfb00f30a042103,
f601ee00fa0d1b04190e08140cffe3070ffdfcf8000afb140dfd1510030f1418020c1103f6faed0205e7dbfdfd0dfb00f90602f5f6010c0e041100140ee707fb0005e3f2f4d8ec000120be111a140004f9fef419fcf800ff0032eef9d91610f706ef18010af2180e0a120c1a211b09d6fe0b191719040718010afbef0e171a06,
f5f9f8f4030b0f12241600fb12f9f8fa11fa06f3ee03ef04fff40600f10b0d180e0a16fa00f603f506d9d302f806f901e10500f2fe080903ff13d6010ff6fcec050aee0105d0ea05000fb90d08130004f307ff0cf4ec0c01084b0804f80e040014ef13040df41afc02150318230f0ac8fd021515f9fefd17fd0700f8090b0f06,
00e70eea0d07ff032316fe0213f3fa030ae3f3eff709ef05f1e6eefbf71e1f00140e0ef00b03f80710bed6fe00f810f4d6fd02f503fb050f1003c7010ffff5e80d130701ffe2d4090313d7051b01df18fcecf808f0e606060748f4110712fa0209f20fff07ff0bfe051c0c06171514d40106022607f20a2304ea1100f70b1afe,
fdd10aea1801fae50123f71c0feaf5fb01c7f7e2e107e417ecf0d9fbd82c19031bfb2ee50f03ed150cb3de09db010feecbf213f5f0fcf510f205b3221c02f1e71f2300f6f1f1cf1cf217f7f910eaef280bd8f8fededcef0e0a3bf1120b0beb170dfce1ef13ff0000fb07150f100b2ed2faea0d1dfc0f09020ce319e3ebfe1209,
0dca0801291a07dbfc09dc1afe00f3fd0acef5f2df0ef52cfeebce03c63525001e1729dc21f7f606e8e9e108c6f921edd1dc29f0f30a0120fbf4ba2a120b02f123070cf0f6e5e329ed2201e2fee7ea371ecdfbfaf601e00a2e2c000a1315e0fe1115d5d22defe61809031f041ff223d0f1e71e19e41304e922db36ede2060b05,
21e30cfb342c18dcdb0ed613f900f90206d1e8f6f40d0a2707e7d301e81908ef1f211beb370af701f4f7ecece5f41cf0ebda38f6ff061819e7ede90b151200001ef51af7fe08e721e632e9d8f7d8f2181cd6ee1f05f2ec02310eea0e0a0dc9fc1229ded42adee51a1127180311f81ad0fad6241fd91115e234f93cfcf61316ff,
1eee17041e2703eaef07101aea0e0e0005eef1f0031bef0e13fac403ef0800f50f070cff2afe03eefa00fc03eefffb00eddd100102f61c06e9e3effe1b11190904ee1e020b24e41bf127fcfbefe40d0b15f4fe0d0aecf817012204001112c9000529f9ed18f8fd0d0d1ffe0317fb02ea0af4ff15eb1421d220ef06faf6fd18f7,
04f50a03fa1403eff0f3f8f8f5060dfc1300ef05fd050e0109fff300f0081500100201ef0dfbfaf1f609f5f2f8f8080a00f4fffa1008fefcfa00fef1fa0b090208f507f30002f604f60ceffaf5f8ff05070807090806050813f7ff1d080cf009fa0904fe0cf8fc0605170701f5fe0def080409fff90708ef15080110f7f11201,
00f20aebea00f9f7030dfa110b000603f4fcfcf305fff9f203ee08f40b1404f6fa0a0cf003fbed150a09f6effeec04e5f50eeafef0fbf8fd13170cec090108f8091a06020211f618fb00110c1008fc050deef5f9f7fefc0dfef6040c16030c0f09fa1313e90507fef602f4fff5f400170bf201f710fe0008f9ff0806f8ec0ce8,
05060c19ea0b120dff100204fcfc0309f2060a031b00020b160c18f91f0416fb040bfdf5ef03fae5162f19f00ee6e9f5f512f9eaf3fafc1808f7f3edf90bf5f8f80f0718200afc0818e4ec0c08200f01e804f206faf8f92afd10ef03f1e314dff8f01100eaf116eaecf8f50304161a170f09f01619f9dc1ff91ef71c02030af7,
10e62bfcec01ec0d141d040600e114fdff1c030af11105f9080f0bf00b001701fd05fff9f6f9f604042b17f411f1f80df41c06f3f1090dfbf3f80303f502daecf217031e090aed1718ebee0425fbfc29f4f00211e2edfb11f4c1080afbe916f4f1002300ec0926f3d602e2ff12000023fe0604252afaeb0cfa0ff614fc0015f9,
03f41b17d50fd7fa0d16e50306eb120aed230d020d0607fdfd1900ef0f010e03f9fff10cf10ae80a18f82df9190102e5d720e8fcf5041c0c0bfd13fefd070bf4ee23db1c2c04f51628ee04031602fa2cece2fe0cfbe51011f631fbf40702060df7162217f0eb18ece114e0fc030a0012120ddf051cf4e823f515e520e6ea2308,
00fc1317dd00ca001020ee08f3e611f8cc1a05ff051e0beb0002fbe30deef102f8eedd20f8f7e51322f22ffa1f230ee8e022dd0b1b081f0617f414df0626edfbda18db20360cf50d2fe10a0016e7fe10fadafc10feb822f8f12b12effff0fb1de9211015ecf710fae014dbeff201fb2a0d00d6eb1cf50f0edc1ed81bf9f71bff,
0aeb1803e6fdc7f40e2fe30fecf8fb00d6160002090bfc0a00f7eecd09100107fefeed1d0101d90c17020b00150c0bedea13ed0907f81d0004ea11ef0a11dcf6e80ce11016fbf30b29c3f70302e8081dfed7ff1000df1403fc17fdf202e0fd16d12a0bffeefe1012f0f8eeed02f6000701ecdaf50c0010fcea0ce21ae0e9190e,
12e11d0de700d3fbf620eb0afce1f7f6e913fc0502ff02130308f3cb0206f7fd0703ec0bfef9e600030c16f71e0e06e5f6fdf1fcfff4151bf0ed13070b04d7fdeb0eec121df3fa0b19cdf5ed0cfa011b00dade0709e409f6060901f3f6df0b0bd51903f5ebea1b09070004f600f7f612fd01efef07100c00080de91ef6fa0310,
15d9160dea19ddfcec18f10dfae0f008ea21000b09ec00180d00f9c70c100efafff5e7110101d9fa140306fb1b0512dbe8f9fcf501070f1804d51c0a0008d8e9e903f71215efec1611dbfafe11f31015f1e9d807faef0bff1206fb07f6d1fd04b8151df4efda1f0007effaf805fdf805fafbf30b000009011506ee08e8fd090b,
26f8180d0118d9fef413f71100e9e500fe050c131bec0e191e1101d613191206f209ee0dfff3d2f0ff160cff0f0511ec05f113f6fa030011f5d7080a01fad3ec09fff613fce80a1213f4df0319fb0a11f9e3de110d0df9fefd0bef01efd00f06cdf01be8f2ef120113000cef00eaf30cfb13041001190e0a191008f8f202101b,
19ef1c010c12e7fff10c000d00fad9fc010910020fe906231d000be0121a1300ff04fa091b02e3f40e0509060c0010eefff216faec00ff06f6ddfc12fae8d0fc15090713ff00fb1cff12cc0c0ff20c0fffebe9150f17f003050dfe07e8d609ffdbff21faf8ee2008080a15e107db01100e100212f9110712160211f0f8fa0c15,
10030ef80b18f7020c0005ef07f3eefe110b03fd1fea1718121205ed14070ffefb1500030c06e1f8211b0ef613f70cfb09f506fff500f406fde8ee000bf9d100030a080a0af30211ff14c61b21fa08fe0005e01b1516ed090612f41de2d41301ece621eefce70cf80aff16ef0be0050a030c00130609fc0308060ef90d050d12,
0deff9f400220500f915fdfb1100f00216fcff0416f022092a160cfd1b000ffffe190d0e10f6f6eb183203eb090406fef9ee03f3f3060011ffe6f00f05f2e0fd061300f907d50601fe14d51424f2fcfbf402eb1d0e1cf6130136ed10d8f106f6fbe529dbfef60ff606fa01000ae005000414151403fef7fa030618fffd1418fe,
ebf4e4010123160a0019d4f11507f7fc18f4000d0ef4230b220c08130c071c0d08161206f806f7f82b1706f10ef011f80cedfffbfafefe1af7f8d712fcffd8fbfa180a090ad8f6fc0a0fe10a26ff000bfe18ef12141bfe151136f21ecbfa050122e027e1fffc26fd02f8060b1beb0a1d040a081df4fceef9f2071500fc231505,
cffedb1a0418250bf31daee31d0a04f61efb020704031ef52efff41a1b0c1212151c1008e1000d0022ef24f60308020307e8000310f3f70d1006e611fdfdfdf7f915f4fe0cd30af1041404f12c04fcf4ff0bf80b1f1cff1f0b46f01edb1208ec20d61dde030716e20b030a0e10f90420f60c0117f300fddfe10c0608072f120d,
db09dd1ef4211e0ce212bccf032400fc1df50119110718012603121426f50cfe12150b0cd30203002ac21ff009fd080719080cfb10f7f9020708f9fefdf4130a0109f2f704d013e906ff1b082c18f4fdf921f81d2c1dfb2bf40af70af50901df1dc01dfdfc1900ed0a1b051715030330042c090ddcf8fcdedfffee071c27250c,
dd14ee1ef5172513f210f5db0f2508f71f051818081119112ff621fa24ed1aff05000122d70407fd19b422f405f5f8f2110e01000200fc0d0d19080f01f30e0a0503e8e4fee913e9080032261d1af5f6fe14f10d1209fd12e9bdfa0cf21018ef1acc2a1bf80503d6021efa1c1c17f62c1025eb1ef1fbf9f0ee11ef121c1a1d1b,
f826000a0008120ffc0118f00a1b06f4250c041a0e1bf50c22fa26e8080820fb0408ff1ae5f9f60e04ba23f007fa00f7102201fa0404040f0d280a1108ea0407070ae7ebfadc07f10cfd0f2e2a2febfd00f8ef010f0701feeb8aff0ff91e0fedf3d72824fbeb12ebeb1200121216fc210616fc1b0b07f810ed14f3fc0b0d1917,
f6241908f60c140409123011160dff08121304f70711f40e0bf91bec020922fb040a1114f2f6ea1114b815ffff02fef50827f2fdfefb0911041a1d1503f90a040513e6fe00f4ff030efafb222729eb0b04fde5f20f0013f1ef9ffe0613160ef4ece23016f0e619e5f81605171a26000b1806fc242004f530ed02eaf400040d1e,
f1211efcfc07130e0e152312190beb01080ffd08fb08ec1109000ddd02210e0c07021113f004ed101fbdfe020c0204e80f1408f7040913180a231d2105e6fcfdf817e8fcfde2f5130508d3151d24e21615f7eae9ffea09f0f700eafb11170efbdde2200e02da26ebf2fd0e15241601152610e63331fcf231ea19fceff7f81b26,
e4200b09fe111ffd1b150e1111fae9fb0a0b0001fd070206faf50fe3001613fe03f1050bf9f5e90f0fbce90105ff02eefa1e0d03fcf716110815111500f3eef0000dddee00e7f6051202b91a1322e91110faf5f2f4de11f3f924f706131708fee6e8240e0be81decf4fb04171e1700f2110ee22719ecff31ed1efdf1fafb1416,
f21105f1010c270d161d030013f6fafe0efc0404fc0bf41705f715e1fc1909fc0cfb0cfceb07e70d17d7e3fc030213f9fc0a06f8fd071214f91ff60a15eee803f50fe6f8fdeffb03fef9bbff140ff00b04fbf2eceff4080afe4de906171c16f9fef71d14f7ef12ecf00cff0e251700d20014eb440d06fe1ae609f3fdfe041e0b,
f80201ed030327fd1313fa0506f9ed0706e70b02eb030214ef01fff3f512100901f20ff7f300e70609d2cc03010cf9edf1fa1a0006f80805030fc81508fcebeeff08f60001ea000a0816befe070cfd0d06e303f2f8ec040f0751f5f8111f0afa02f5060511f816fdee06040f2c1e0abefa0eef35f004f30ff414ff03050e1308,
06fdfce902021805140af8fb1001eb0203eb020af803051fedf708ebed18050817f613ff0000ea131cc9d8e9130902dbe80708fe05f701130a15c10c10f9e4fdfb21e7f311dfed0e0302cefe0717e71204d7dff8e1d60e01054ef5fd061b01f109fb0d0000fa21f4fc100e18201e1bd2faf3e739f40c0018f0150c1011051208,
04de0af209f81bf70621d90b21f7e30afac3f6fae505fd2cf4e2fce3e73225fb0ff91cdb0300e10b10d8c3f8e9fa1bd8cbeb18ecf2090c0bf210a81a14f4d8e3052efef1f1f8cf37ef0beaf20309e12e15c6d7f2dce0f5190e2aeb0f192502eef9f1f4e00efbfaeef71020071d1321cafffaf937e5fbfb13fcf31d00f7031f03,
10d401f82f141ce7f20ed02122fdd60212b3eefada06fc36f9e5d2e4b43c1af5240149d52c03e512fdefd8f0b6f81fe6d8cc3ce403ff0225dbfdb13320eff2e52b1d0bebecede23ccc26face01dfdc333fc2e7ece7fddd072424e9191f28e1ed13fdd1be25e7cef914f82924250439d0f5e40033c01ffcd70deb2ffddf0f1714,
27d41cfc4c2327ece30bc826f706e80307d2dce8ea1bf843ffe7c8eec8270ff4160d33f335f7e7f6fce0e7f4d1001eebfbd246f5fdfd271bdddcd92c20f600ee220022f2e70cda43eb39f1d6edd6fd313cd0f91007f3ea12151dea0f1423bff6182bd5d042dbe716140e1a1e2c021fe2f6d40237d53326d920ef2903e8170f13,
0bed0f073117fae8fb1ee41d010de60afcf5e4ede913fc20f6ddd6ecdf180b0106012bf019fef00307eb05fefc0313e907e538ff09fb1f0c04efea11091706f208010ef905f3f91cfe28ecebf1d9ef1e2eeff2060bf0080a212bf301fa09bf0cf328f3e235d5f9f11b1a18fd12ed140dfce10510e1370dd822ff1af10d211a08,
04f9fb0a1a0e07edfb0bf3f90811fe0307f7f505f90d16120dfcf6e9f61216fa0c0504ec07fae80713fd09ed04f410f8f2e9160a09fa0d0f0d01ff00070103ff080002ea13000204080cfa0005f3eb1108eaf9f4fb0d0d0809f5fa02010bfb04050200f316e8fbfe030f1115fffc130ef8f304020012fffa0dfc0efaff081600,
13fe1501f40cf3060015f70a02ecf6fcf3120e170800070f010e14ebfc130f05170f07fc0601eafcfa0509fc04e9f4f9f6fafcecf409f70701fcf5fa0408eaec00040911fd07fe0816fc14051714f7170007f90107ff0611fdf6fefff7fb02fdfa0004fbfbff00f2e7f6f704130b0f17130cfc0212f4e3fb020afa0bfeff0bfc,
08fd1213e408fa0cef15161bf605f400f5121c03fdf1f411071c1eea1307100b0c0b0002ec04e7e80a0c0bf11fe0edede30cfef7e509ff12f2fb00fceff8f8fafe13050e01efef1218f4ef0111170d03f7fef4ffeaf50538faf2ede9eeea0efeeef51deee7ff10f2f101fa090f1d191c1c07f4210ef3ea0ff005fb0fedef0a00,
08fffaf9ea07f603f11e090507ecf901e61d0d0708050b0710150ce724020ef6000af516e500dc001b2c0ce913e202eadc16ebf0f9ff140ff9fc09f60704f002eb08092004f5f90a1de8eb041e0a031afdf5f01b07ef0816eddce80cf6e102ebeefc200de0fd22fcf4fbe7f90b030515070aeaff31ee021df316f90ffbea20f5,
07061615db0ce8061115f003fef4fff7dc1c0210040607ff0d1607e61cfd0af40b02f817db06f1030b022ae421fa00f5eb16f3f7fd00131608fe1c00f30bfbf5de20eb1826f6e61d2cd8f6011f06fb1ee6f2ef12ebe20214ea28fefafeec15f4d5fd0714d6f714edea00daff0d0d071a0b0fe40610e3f921eb1bdd1efdf00f02,
05fa0814de13c0f90722cc08f9ec0c00da240b11f6170ff80107ffdb12f5f3f908f4eb1aeaf6dd1211112ef42bf519e3d916e2fd13fe0e1119ee23dff821e702d406dd243af5e50b2eb9020220f60a16efcbf017fcc82307f90f08dfedf50508e02310ffdff81defd806e6f70004ff1810f3dbf10ef90507db13d927f6f81b11,
02e40913eb02cef3fc22f304f9e5fafadb0bf70001ed0c091000fec806f7080000f9d811f607e014150523ee192207e8f7faea1004ff190b18d401f6011bd5f3e611e21119f8db041abfef0a12e7ef06f7d7eb00fcd11cfbf90a0cf9e0df0aface171601fbe519fdf3f4e8f2fceef51cf2f4eff20ff8160de211d32af7020506,
0cfdfb0e010febf1ed180304efefec00f112f803fbdf0f221d0709cafffef5ec00f7ee14fc05e40610110ff5211005ea0ce000080104fd1f03e81201fa0de1f2f5f7dd0014eaf8fd19c1e8f303fb00fdf4e8e5f412fd0efe1706f904e4cc01f4c5f607f8fcd715e70bfd03f4fe04fe0ef5f8fcecf4081cfef306e524fd070521,
15f60a04f70ce8fdf218fd11f3e8dbf7f80c03090be4032013010ac700110eedfbfcec1710f5def617051501150900e3fce2fe08faffeb1b00da0309ecfceff2fbf5f31002e8020611d0e9f310ff0efaf7d7ddfd020400081303fe0ff7c00e18c0f819f301f126f110000bf2f0f8001302fafaf5000b0d0d0f04f414000b0417,
1efb06f90417f4edf508f30afdf4d2f70b0904041ae21015250504cf09111efefc12df0f09fedaf41b1709020afc04ed0cc90f0102ffef1000f40508f6fde0fd10f6fe080ce8090afcf1c3fd17ec14fefdded9fc1015f607110feb0af5c40703daff18e20be81cfc08f50be505f2fd0506fb0ffef6110b0920f709100005fb0e,
1bf017001308fff6ff0a0efe0109e30606fe020011d91218150603eafc1312fff90ffd0412f6f7fd1523f8fe07fe08f60dc51afd00f7f81007faed05f8f0ccf60efefdfa03ff001b0408b90a05f7100609f1f6f50920f3050e16f910e2dd0904ebf31ce706ef13f500fa12ec07ea080c02ff0e0ff40e09fb1dfb0e14080f000e,
16fc04ff0a02130a060b07f80002f80509f7faff0de909161c02100d051215f7fb2104f91604edf2093a05fbf9020bf80cc402f7fa00f1100203dc1103e6ceee11fcf9fcf2e20717fc09b30f19f6f700fef9f0f60d25e8130c1ff210e2e001fdf2e320e509fc000005f81bf011d40a0cff0f020be6fff9f00dea14140d1e0406,
09ec0eff0b15120df61be201010801fe17e1f7f900e30b171a0efd1108032d061c23160117fb00ee1140fef8ebf811fffdbc04f507ffe409f8fdc313f7fdedfe0e0a0706eddcf2170115d3fb27e0ff07f80a00efff1af416182c0023ddfbfbfb0ffd13da1800f7050dec1af71bdb0d03ff0e1c0ee701f6e310e51332021c1306,
e7df000d09141fff0123aef8100ef7010ee3f50c01effe030f220905020926001b362ef7f3000bf80d1914f9f0fbfbfafed60f0400f4ec11f2ecd017f5eceb050b1ffcffeae2f60a0311efe528e1fc11f42006f4f214001e0b2ff412ec06f8f51fea22c31905f7eef7ed0d1028fa120ff7150525f3e5ebd201f4174df6291c08,
bcf4ea1eff182615013392f70d16040301e9fd0d11fcf2f6080a0c0cff071e061f1a2af2eaff150207ea2cfef500f70901dc020b0bfaebfd0dfceb18f2f21804000eef00e9d5fafd141c25e23bf7f410e92303d3f006fe440d1cef140c1104f31fda09d00b19dcdb06ee01122efd1a2b041dfd11ddd601cad2ed0562052a0f06,
c0fbd726df243009e71fc9da0a1408f4000a16182107ecfa1dfa09070a001d071e091405c7fa0ef218ca2f0019e900ff03e8fd000bf7e700150920fff1fe25fff713f7fef9c907e925043dee3518f4f6ea21eedc01070d4202d7ea050d170cf21aca18f3fe0ee8d9fb06f10d280f1a2c1012e61dd9e8f9d2c6faee5e0b2d0d03,
e118f324dd101705dc1a20f002120006f32514061407e2ee170411e117f9fa01f8f50224e10900fe09b840fe0ef6f5fd0906f6fd1b06e8091f053af6ebf61507ecfef70400e200e6240b381a2219f8f2eb1ee7d408f71119f892f3042e160bf4ffd00f20e80000d20402d9112d2600350d11ca26f3f306ead2fbd4341e1c120a,
e9140908e706140ffd0e510e06fa0803f71d07f6ff0dd9080bf905d20503fe0c01d5f626faf6ef1207b829ea0000fbf8091def0b01f50c0207073ffbfff00502fc06e3f60c04e30811ec11212b23e009f315e4d4fae411edf280f0f9370d1a01e5e71f32e5e803cef10ae307121403271915cb2523f7fb0ed900dd1efa0e0c1e,
e618240ee2f111030f18361809f500f5011afdf0fff7d30a080319ccfb0e020603d5ff21f2f9e61109c021f70d0902ef0227f40803fb1800fa0d2d0c05eaf7fd0013e00e0700ef0c15ece424131be7160e0bdac90de416ddeabc00f5341e1a02c0e5261ee4eb13d1e8f5f4111d1f061f1802c03529eb0026d90cde0500041c22,
e41c1a0fe8ed05022a1627111103faf9fe10f8f8eaf1e40ef80910d2ff05fc010ee6011ded03f21c16defcf9011b03f5161d0501fe011cfd0b1b221bfceff804ef10e10903fcfd230ae8d519142cdf1a1003fbc30ded1af7ea16fcf033131209c1f62d0fffed16d7f701ec131d110c19200fbd3a36e7f636d814e70306011e12,
ee281100fafa11171c15080c1101f8f9f6090703d9f5f2fffa0811d00417070211e1fe0bec02f82004c8f1fe09140cf602190df700f80d0e0b220e1502fddef3f81de1fe00eff31004e5c4fe1b2cd71707ebe6c5f6f40bfdfe41feed28181efec8fa280d03f117dce6e8090c18290d100e09c73d18eff130d019f2f806f31918,
f0130700f7fb11042204f2fd0becfdfafb051809edebea00fd1416d2f41310fb08eaf702f2f4e81a09d2ed010a050afd0208000601f6020a001eef12f9f7daf4031ad9040af6fe1318edc7041426e91906d9e9d3f0f11409f54cf6f7242f10f5d7f60d04f6f715f0e0efff16081e12f404ffb741fd01e82ce81deffdfef0060d,
041508f3f9001100121203f711f6fbfef6f6080ee2f1f61bf10112def71400fc07e70efffa05e71710ecd9f0140706eff8011cf20d00090d0a0edd0dfcfdd9f9ef10f9fb00f1f60f00eec2f60a0eed1007dcfbd1f3e40610fa4beced251d11f5dd000df607fb0fe9e5fbfb0f221216cb0002c238f00ae01ff02c0f11fe001110,
fe08f2f0060d07090a17f4f41a00e909e4ed1119f5f4fb12f81015dcf108fd09fed7ff08e8f5d70f15d7ddf31d0f15d6eafb17030eff0014f725c10bf80adbf8eb1eebf207f2fe0f03fce3f80017e81e06cae0e0f0e10a0f0054dff00e3104ebefeb110002f210defe010818141e07c30bfac532fd01f61cfe2c030e0f0d1718,
0af002f317fb15f9060cc8022ef4dfff04cbf203f2eff81fe0e903d1f02527e119eb21e2f7fed90d13f0d4f0f3fd1ed5d7f220f20d00ff18f4299f191100def5022fe8f006e6f52ded08edfcfd0feb3012b5dbe2f3e0ed171a25e6ff142806f3fce7fef21b02e7dff3020f1714202bc7eaf4d640e51901020c001f04020c020b,
1ac5f9f62e031deae61ccf241f0ed60814bbde05e111f138e1cff5e0c64230e32c0354df2100ca08ffe0d1d7cdea30ded8d135ddf6f8f52ae8099e2e36f1f6f8391a02e6ddf3e431d51fede50eecd83e35c9d1c6fc0ace1e30fada242238fce0fefaeac429f5d7e117032b2b171b46d5ebeaeb4ac6200bde20e742ffed1b090c,
24ce06ef3b123bd1e121dc37030fd1011ad1c2ede31f0d4e05cfbde1cc3926f0370946eb1f0ac6f100f3fbd6e7f12ccae0cd53e104f71133deefce2528fe17ed16e718e4eb03d430dd41e5dffbbdee393dcdccf60efff1162c06c91d2635bfd00319d7c641c4edff2b002b413f1e2dd80dda0943ca2d27d726f12e0ff1380812,
2aee01052d0f15e7f12ce1250c08e00afaefe5ff010d003d06dcc6dce62e0ff40d0e2ef112fae4011a0118e601040fe3efd739f90d05092be8eed908110ffefdfdf515e9fff7e426fd18edd5f8c7fa2714fedc00fff103111f10de04100cd4ddf70edad33bbc06fc10071823180d2afd05e90715e31b0ed717f4190908471319,
0cf5ffff000a0efefb150502fe04ea05fff6fa111a03010d08fb0afef80703fd100af7fd0203f9f505f70bfc00e6f6eff3f4fef4fb0205fff5f0fded00fdfc0000fd07fcf908fa1503faf1f711f60b06fc06f5040c03fa06fb09f4f9140cfeea08eb00ee0706fc0afc17fd0a0a07081500080a16e9fe10faf300f40eee140601,
16f51017f91def0d130e001209f701fafc13131203feeb15131714eb070c060917090ce70800ecfa000b1d031eecf5f7f402fcf0ecfdf813fffaecfdfcfbf9f6f70e050d08f6f00c0ff812011a10fd11ee0ff0f9eef8fc1df6fbef03edfd16f9fa1810fceb0001f9e0ffef171f150a0c0a1afc0d11ffdffbfa1dfc16f6ed13fa,
0efa1711f815fbfffb071c04fe00f606fa16170f09fefe00110d06f205fc081007170bf4ef06f5fd063111ee0de8f2f3e50a00f0f7fff810fceffcfcf9fd06fff4140c1310f9f30f1afe02fe110a030ded03f112f7f6fb1ffa02f9f3faff09fcf1fc16eef00504fefc06f40e051111061807f4140ee8f208ee0afa0ef1f91105,
fd03050ddd19ec04fa05fb15f5f0fcf8ec1dfe08140e07f51d0e16e1160010ff140b0809ee02dff61a3b0fd415df03d9cf1ee5f2f6091b18eff400f405f5ec05f21ffc121905f9111fdcfc0a1210f827f701d91bfbf90720ebf7ea01f9ec0ae1e2fe0c04dbfb26e9de06f702120d15162015f60b29e3f81ce714e11b00e818f9,
f107fc0dda1decfc0c180d0cfa030ff8ea31f80fe404170316160de905fd09e91afbea21e2faeb0c150024db260010f2f000f00202fc1f1cfdfc1fecf804fd0bde09d40e0cf7ec182dcfef041114ed08f2f1ef1009dc060cf603f4f6e4e500dce3ed0607d1f614f1f005d605060d0c222003e6121af20518e127dc3109f60d1c,
0ee80318f916eafdf815d718f1ebebfbec13fd09f8ff110b1b03f0c6ef0e05f80d08f805f40ce6fe0c0a09f5230515f6f5def2010f04ff2414d509fe000ce0f6d809e0151cf7db0914bff4f50bfa0606f6cee5f7ecd41319130302efe8f3fa0ac408f600eeef02e8f7f6f000f5f6071900f7eefe0cef0afbdf13d82800030a0d,
08ebfd1bf407f9050328f3f4f1e3f6f70005fe1df0e61f19050004cc04f50fe6ff06f4020103e5f4fa141ff60b0b0efb02e3f7081300fa150edeff04f700dff5ecfae4050cf5eafc099fe5f811eef702f5e2edfafbe914eb1afe0908e2d412f3c5070df9faddf6e5f2000af9f703f31fea00fdeafaf40100d50edb290a270d01,
ff08eb0c000d0913fc1cf20205e4e8fc0afb051ff2d0081e1d0603cffc0604e20502de13fcf8e6fb130f1bea0e0b08f717dffd091600eb160bf2f20fe909cdf8f3fcfd06fde107020fb4dcf40df8f4faeefbe7e70a1606fb19fd0e14e0bc11f8bbf300eafaed00f604f616f80bfef721ef090edfebfbf707fc06e32412130a01,
10f30205080cffeefc1efc0201ece601fff61206ffcff81b17010fd0f10f0deb0205e3fd080ae0f60916040af50305f70ebd09f90c08da0f06ece41df0fddc0004ea0608f5f90f0505d7ccf108f1110000e1e6e90819ff030d01021ef9cc080dc20003db0ef904f40bf70ee100f60c15f6f309f1da0e08f719f603230104e902,
29010800130ff800ff1e060c0dfcd80414f2fb10fdd704200f0007e8fc0c12f40c11e6fd2001eae7111df1fef00afdf30ab50dfaf7f7d914fbe7de1af7ead60915ee000bf4f80906f603c4f6fcfb22020ee1fbe30821e90e0b0dff22ebd1150be7050be209f003030bf812dc03f0120805f207f8e41b06f61fe40921ff15f305,
2deb0c081f0a01fd071704120e0af1fa13d5000bf6cff136190f0d08ed1a2408161404001cfeecf5f0300008da1005fa0bb01afcfaf8db10efefcd2302f4c90322ef0b0bf0fa0a0df718c20408e6191209fc09d80820e3071216fb1cf1dbff08fdf905da0afde00f04f919e71ce11608f6080206d10cf4de2edd1535f516ec13,
19e8031a17090909081cfe170f02f0061acffcfeeddbf21cfa01021fe61c2908162e1efb1102f2f8e53a1107e406f5ff0abc09f90606d60ffa06c30efff4de000ffd0cfddaf2fb22f52ccdee11e4091608f602d4ed12e60e161a0812ebe2f907150005d320f9d9fe0cea19fc29dc0c11f5000316e301ffd427e61a3ef91ef707,
06d7161511fd1909fb2bcd12120b04ff10d9f7fdd3d3f00bfb0c091cda161bff1d3226f514080ceae91f0c12d80300fdffca04fb02faec04f1f2ce0f03ebf3fc01040d0ad2ef01210025eddf18e2fc17070b07c2e910e7271319fe15ebf400ff1f06fcc7210acd0904e80eff2aee1112f40ffe12dbfef7d908d5245dfc1e0b02,
dfd81113190a231003239d091508000507d8010cc9f5e1020313010ac91c1c072e152ae8020712f8e30c1313d10efe0304c304fd02fee210f5f3df1d07ee1304100efb08d6dbf412fb1d0bb80ee2fa15000d01c6e000f72d100e01090d22fcff2300ecc31514b4ee0fe219192cef22150405f423dcfd0bd2f3d0176cf62a11fa,
c3dbed10f4231dfae224a6080b0407f4fefb0f0ee1fdcefd09050c15d61b1bfb300835efdcfd03f2e5ec1b02f2f2fff7f6dc05f20cf7d7180a02090f010328050323f208e6d8fa1119183eb629ff0c1bde1fefbbd3f8f14010fdf3112019fb0a2cefe1d50625bcdf0de609111d202b130307d81ae6e00dc4e0f8077ff41301fe,
d300dc1bda1023f1c023e0f70a18f6fee7050a010208dfe400e604fce7120f0920e421e4cbf8fcf2faf22af601d6ffe3ece5f3fe2202db1224102e01ea072a06ff10ff00fddc01f62d194ce02a030502d822d0c4e90213321399d7072e2208fe22dddcf4fc0bdad212d4f82e192f212a040dcc16d4d309ced5eefa670f20f503,
e7fff617d9f515fdcd0d50050702fffbe1170ce80908d0eefffc0cdbf900f41300db0512e203eef2f3ee2a00fdebf6e2fbf1f6e30bfaeaff0e0c3cf7e70525f3ecee090012fef4ea101422071a08030bd93cd9caeadf120bf580e4ed3a120cf005f4e50ff0f1fed50fdae42a202d172320f3be18f1e41bd6dff9e6260511edfe,
f7061c0cd5ec09f8e6035b18faef04f9e12000e11300d2f8001204d4f6faf01605d9f522eb04f504f3fa22fa080cefeafd0af7f7fd040501fef44408f0fb1606ee06ec0e0212e7002007f3240610e80efa1bdae9f8e10edbeb80dfe5371e0c00d5f61812e7edffee02f5d62619210f192006bb1c21e70bfcec09df0bf204000b,
e3122401dff400fc1e12450302fa0203e71801f1f1f8ddf1ff150bd1fcfae708fce0f11efe00f51800021a0a0315f8ef142af7f8f6fb1bf2f8fb2efe05f7fb05f110db0efd03ed1001f9de1a001ee30b0013e2e107ea0be7e8f3f4e833201efec1f2260de7f21ade00f0e3110a24fc232106b22139fe0723e80fecf900f50f08,
e21a250bf0ed050c1e0e1605fffc03f7f90d140dd0e0e3fcf40919dffd0ffd06fee4f418ec00f31c0b040b0c010cf0f91c26080a0cfd07f9fe0a200cf5ebe4f8fc0fc6fdf6f00b1309d6d1fb0730e00b0bfcf5d211f71df7ed3f0bf91d1716fbbcfb1614fa040ddfe9f7fb1b001e10351604b61f3100fa36d919e7ff00f90513,
f631150af8edff122309000a10f300f6e80b0b0dd5e6ea00f30112dbfd1206fcfedc0311f3fd001106f9f5000e0bf8fe1a13fd080ff81009030ef707edfce7efea17cf0af7f9121310dbccf00926da1303e2eec200fb1b04fb53faf6200d2208c1ff0c13f6031cd3e1edfc16082109160f04b2221afdf426d528f9101a050719,
01310600f8ec08181a050df509ecfe09ea0a1d1eeddcfd0fee1321e5f415fe0105d1f808f705ea0f0205e7060bfd0ef00a0cfc000f01f9121218dd16faf9d2fafc21e50708fc0e0514d6d6f4fe2ef10300d3f7c4fafd010cf93efaef1f1317ebb9fb1807f00913d6ddf6fa180d2efff5fd0bac2a03feda27e825f5181300011d,
0716fc0af0e2080818190df00df3fafaef001d17e9d9fa21ea1b18e1f51906fffdd30dfefa00ce0a0103effe0708fae8ef0e15ff0ff9f610001bc409fd00c6fdf022ef000bffff1106d8e1f5071ef70d06cae2c4f5f9020dfc39f9e726121aeecae2050c010607dee5f1f30b0a2f0dd1fef9b930ecfce51df51b06100906080a,
fe0eee00f5e7080a0b0fdef717f8f005effe1619ebe5f423eb0523c7eb0f0b0702dd17f8ebf8cf0a160fecea0c0314ddf51611fa11f7ec15152dc916f5f7cdf5ff1df5fb01fd0e0cf6e2eef5f629f912ffb5e6bfeceafd0a0438fcf6131c16f0dee800fe0400ffd6dd0706110a2511d100f9b11de608df16f51e0315020aef24,
f900d3e60bc120f5fd09cdf723fdf5fd00dff91eebf40023c6e70acfeb2326e502e12af606f7bc0f0df4e9ef08ef36e5e3ff1e0f0f0adf19052fb208070acbfe101ef7e9fbee0f0bdaf8e7f5f415eb1c17b8d7b7e50bf1f02919e60a1d281bf1e0f3fef01006e9d9e8f01022f82926dce5e6c026d915d812120a25080004d517,
0fcbe9e420d83cdede1eed23171aeff71ad7df0af3060123e6cdefd8dd373cd033f444db14fbc4fffad3e3cddfd43ad0ced325f3f802e927ee11af1b25f2f7f34100f4d4dbfbef2dd113e80515f3fa1f22d7bcaefb21d5081df2ca30404fffdde3fdefcd1e09cae503052a37172b46d5fae7d23cd322f9dd24d642fcda14e012,
34cd0dde3f0b59e4cf050730ef27d00517dec8edf10e19580fe5dedddb281ddb26fd33f320fad7ce1006f9c8f8e620d3e0d542d4eafbf728bee6d4082adb14fa0de215e3e1fad435e925e8ed11cff32214fac2ee1a00ea2015e6be13373ad0bf06edebcf32dbedf62cf325533f3320d511f6f745d70d13dd2aee1c26e340fffd,
25ec08f1200b2fe2d414f6160419e80814f8cae2f411113b16cdd6e0d52628e31e102cf70c03dfe90104f6cf01e420e0dfe31cf5faff1027dbf0f4e91a00fff410ec09dcfc06cc1cf522e1e815d5f0181005d6fc0a07f92022edc7263238dacef1e3f0ea2bce0af414fd321e332324ea16ec0832f80721d61deb2524f83a1e02,
02070013ff13fbf8f3040b0d011cf0f70a06fcfb000cf31d13feedeefe08fd170dff160103f5ee0108fc0ef3f907f6ecfdfb0beeff050ffafa03090d09fb00f9fb07fdfb05f3e310f4f9ff0800fcff180d07ea0f10ef0707ff23f3fd0100fffbfde305ed09f805fcfb19121f1111151414ff0903f7f805eef7fef812fe0c0f0e,
14f20d09ff1400180e06ff0306f2ff04f00f0c190702001907160feefe00110e080c03f4fa08f3e9021811f810fbfaf7fe0901f3eefdf505fafdee06f507eaf90016ff1406fdfa0a0beb120613100e01fc08f4fbecf6ed0ef6f3f4ec00ee15fdeb130d08e40902f4f20a020d071711110a12081700f6ed05f4060b0cf0f304ff,
ffeb1a14df07ce00000509330d000001f01f130513feeafa11170af10e0c0f0a1f1700f5f8f7ea0017390fe20dec0cf5f018eaf0e000f8080ef30aff0007ededf904fd0d0c03de150ffbfd1216160f1df105e510e3f0052de1fff7f90201110af7fd0ffcf60401edebf1e40408081c191bfcf61b1be8e20de5fe0610d6ec1000,
10fd041fd62df408eb05fe17f201fdfeea301a15fbf90600191a07ea0706fa0a2f0cfff3e601e4f2053015e01ae703f5da03f4ebe8fd0c15fff705f2f700f4f0ec0aff250007ec150ffff50e0e270a18e108e509eeef0226f900ebebebf00ffae9f90000d5fe0edcddf4e721192013092416e82118e0de01ee24ee2feefe03f4,
f8f30820d62de8fd02fe1513f3edf0ffde2317ffe0f807002d040cdaf2fff6002dfdfe34ee0ad7fff30921f431f402edf4f2f8ebfaff0a2fe0e926f8eef3f700d723ed030300d21222ddf3e1021aff1cf6f5df0cfaed0109f5f7dcdee1e200eddb01ef00d8e90eeefaf2e418121d11fe3411e01c14dbfcf0dc2ad227fef7141d,
0ef4e627ff22f709ee12e705edf7ebf7f508071dcff70a21210a03d1e6f5f4f90f07fe0be5fddeedf1351001200bfe02f2ce00f412fde92011def901ef08e8edd6f9ee0f03f0d2fb11cbd7e804f70f04f0fce3e6fbe80e0515fdfdfae8d80cf2c7f500f6f2d7f5e0f5e8f70601150bf708f9fbfdeff609e6df11d02a0c140a13,
0501f61b0d0700040513eef9f8fce905fdf8fe1bd5e7072408050cd8effb0ce0fe04f3f8f4fcf2f4ee241001f21a080810bd070715fce0191df5e30ff4fee8eff8fbee05eee50200fdbedddefff50001f7ef01de0d06f6fd1ffc0f0cd9d003e6c202fdf202e6edf703001dfd0c070113f4f809e5e2fbe9eceb00ef120828f204,
16ecff19100509030223ea0608efeafc0add0d0fdfdbfa260aff0fdddf141ce30210ebff0c04e7f0ee11f60ae80c020e13c213110007cf0e17f6db22fcf9d8f70502fe01ddee05feecb1dee5f8e806fe00f2fad20420f4082300080df4c60f01b9ff06d810fde40005fb10f309000608f0050deedf06e8ea06e5ff22051bfa06,
19eefc1c10fef6fcfa1fe60117fbedfc0ceb1712e7d5f535010806e6db1220f3f916fa080afaf9e6f123fe0cde10fafc02c317f7f808dbf915f4d227eae7c30811000603f1f80d06f2ebd6e5fcf4100401e5f9c8061ce8fb1607060af0bf1012e20dece904f6def6fde218f40df10a04ecf7fcf0df0ff3e217e51c180016d90f,
38f6041033e6050e0613041002ffe80a20d01a11e2d5df3105f80bfecd1a0d130114fef8170400eee223ed22db1ff0fc09cd21f806fdcefffd02e02503e7c8ff21fd020ee6f10b07e50edaf5ecf6250e11f30ad8fb25eb0313050e06ffc31507e90bf7e319ffd30f0dea22de25f01106f90300f6d527faea1fe31e1c0517e925,
33e80d1326fbff080d22051d00f8eff7fecf070bd8ddd836effc0c1cda2111130a1dff051dfd0400cf28f219de18e81212cb29f6f706d7f90105df2cf7f8ca010dfc0b15d7f00d15f40cfbeff7e8241811f509cef818f1120f091b06f1d5000c070afbe81e09d61100e810e61ddf15fefbf4ff04c928f5d935d4133a0114e113,
2ff61b1314f5f7fb031ced24edfdf50007d71002c1e8dd31ef0d0a26c923001c2d1a15f91d00f6ffd42aff1de411e5fd06d718f0fdfaeb02ecfdff1905ede7100a050409dced0115f31304d8f4fa1b0e0dfb15d3e109e713fd060afdf8f30213170af3e0150ac213fee803001aed1501fff20019ec1000e023eb1c48e507ea19,
0ae61e07120010fcfc11c122f9f601f8ffe711fbb3fce422fc24001ac9120b1c380920ed00fa1104b91a051dd813fff107da21f2eefee50deaf60021fff012180d03f003cdeefc15041419baffee0d0e0e04ffd9eef7e51efcf7f6ef080df2152005f5ec191ab30a08d9120a15f0180112fcf91bf20706e206dd165cf3150614,
fccb100106020ffef404a51ffaf7fa00fcfc00fa9808cd1af004f11cb11b0d0229002afa01f31101b5050621e30b06effae511fafa03e708f0ea11240ff6280a0c18fc0fe3e6041e091844a9f2f21b260302fbc5daebe62318f6f0ec1810e8162012c1f00d28baf803db011a0d0812f518edef10ea0c1cda11f11f5fe708f619,
dcf6d604f00716f5ddf5c20a0f01f1f9eeff0f0acc13d7fb01e1050ab61ef9062cef3eeade010503d30c1007f2dc01e2fbee0cf813f5d830030d31faf81739010d09f3f808e30efb1f293d9ff200190afa12dfdce70ffb1117cdea04271ded151910a4e3031fcee219c40825032c2cff06ebd8fcf3fb1de9f4050f69e715ea06,
ef0cb622f00102eebaef13030310daf5e60e07f3f703e4ffffeefcf2c506ee1c0fd31ef1c8f7f6ebea1f1bff1ceff1e100ddfaf12805de34161737f7f01231f7eee9fdfb1ef205ea211e30ced20318f9ee20c2eaf7ff10071e8bd8ee2721e10413fc9efd15e2f5de2ebb0549fc4437010ce8caefeaf530ddec020139191be411,
0afae821f5ef0bd7a9e35407fb05e3fbe22909cff8ffdcff0b1fe4d9eafdca2cfdd9021adb07fae4ed1834080710e0d605e90ded0cf9fe0ef8fb3affea0a290bf2e4fe000b04f5f01522f902d60824f7f833d9faf6e105f1f298c4d53511d4f6fd0fc80100e003fc18c3e53c1336170427f0c2f8feea20c9f5eeddfa111ee012,
13001611f2faf3dfdbf14a0de4f0f1f4ea17fcdcfdf4e3f8fd32f7e0f1fdd729f4f10025f1f5fcfae72e20181114e8d912ee07f9f5ff0105f0f03d040200190deeea01200713eb01010ae20bee010ef8ec2bf5fd08da07dde1b3dedc260ae404e21bf807fff40b1a14d4df24fe23f40c23e9d0fa1d001be60003e8e0eefefb1b,
01141d1508ffe7f308fa370ee4f8e504e6200b03dcebf20310280ce7fbf9e318fff7ea1aeb080a01f0341d0c141de8e0230014f0f304fb0fde00211700ecfd1ef8f0d01df0f3120005f7c805ec151204000d06031cfb09e9e715f3e61b04fafad7fe1605f004090006e8e82ff31ef41a16fad2fb1f0c1306ed04f9fafaf9091c,
082410090000ee120d0822f2ed00e6f9f90f130fe2e3f8020c261b0006f9f90cfaf3f90feafb0afbf72906020608f3f5180100fe00fb080ff10d0b07e8f2e704f7f6cb02eaef150109ddcbf4ff13fbf5feeb00f50efc06f3fb36fdef0afe0ef9ccfa1d04fd0a09ee00fdfe1ff22bfa2d1403ddf40805fb0ff30cf21818f8160d,
ef2a1409f8e2f70c100104ef00fc02fe000f0926d6dd0600001025ee09f7f801eaebe310f800120d0138fe060b08000a2117fc140f00fff50e10f00aecfddd06f900cef9fff9160efeded4f8fa1ff4f602e801e50f0714fafe410eed03e215efd5f40217010311ebfaea051aeb1b00160809d5e80800f528e91deb0616fd0c0b,
0039001afbddfe110ffa0ce500eff5fc04051c31e1d7fa0b0a1b22f70605eafaeae7e50adf00f1040030fd020512fe051811070c0c06ebfc0f28eb13e204d4f7f1fedcf8fbe917fd0dd4e7eee82cf9f7fcc701ce0807fdfaed2207f0ecdf2cfcd2e90a11faf9fddee9effe21eb2509fbec10caefef00e51ef41af11729fa030a,
082900f8ecd7f619130700d50af8f4fcf5f42a19f9dbf411ee0932f0f1fef908ebf310f2f506ef030527de02f401f3091401060e0ffad6f22329cb11e3fddb000018e00a04f12508e9caf500f81cf7fbf0c9f0b3f713f200f71b15e703fe2500e0e6f814f911f4d6dcf1f414f82b13dfe206b4f1e2ffdb19f41700fd14fbdd0b,
0023e5f7f3c712130e0e04e515f8fb00faf4232df2d3fa0ae7f830d2f31602fde7ea22eae303c9100334d90dfa0dfb00f90b11160808d5e63231c914eeffc30e040aee0609f41505dcd1faf5e818ff00f2c5edbef70cf4f10b140aeaf6fb2503d7e7f905ef0df2d5c9f30019e72910c4e2f1a3eaec0fca18fc160a080318c716,
07f0c1f905ae09edf70de8e12204ff0901f9132df7eb0709e0e519e1e21f07e103ed3be10409b508fb2ce4f4fcf81defd8f30a141b05c4f8202dac11ef10c1081c00e9f2fde52ffccff3edf9fd0af6f507b6d7b9e026eef528e7fa0f06232b07ceec00fd0d11ded5c8f51d09da2b36d4d9e6aaf5e225b302130a2bf80508bb13,
06d5d2f21acb30e3df0c03fc2406f7f90edfed0f0ff4180defd2f7d8e72939de21ff32d712ffc300f908e2d2fee439e3caf0200819f6d7060e1fbe000a17d3f036fae7d709fc1501d1f7dd0011fff70013e0cdb1e822f60024d3d63b1f2a0ce9d6f7f2de0f08fbe6def7272fe9284ce6d1daca0ee718d7eb1fe63c060714c70f,
14f1f2f22eff61f3da0304180811ec071ad5bdf6f6f81d2d09c7e4d2db162be01de810f416f8c9f118f1f3be10f235d4d7e219f90dfc041fd5fdd1071809ebe30ff803c0fbf9d60bf909d5f409e1e70e2befbfdb0ffe03131fd7bb2c3e50d5b6dceff8d833d20ed90de53740321913ecfbf4e63aef030fdc1de613280734f202,
fcecffff1f0822eed812ee0d171ee00020fad9f9f4080e3122d4dbdfe2192efa140828020bfecc0316f9fcd8f90328d4e3e11cf213fc0415e600f7010f0ff8fb16f2f7d1eff5e01dff21f1ee17dfe91d1ef2d3fb16050c231af5cd251e31d1cdfae8f3eb2ce108ed14f6272237131a05fdecf82dfc170cdc0de31f1ef819060a,
01000004120f0ef3f1f317080c07f000fa07fc06f6080a0c03f2f3e3f713ff0efff917f6f4fcef10130d04f2f40200e5fa0209ef04fff50cf302ff01080bf0f7f301eefa08eeec08f40806060402f9111200e6f6f8f518040c0be500f305e8f000f3f5f605ef16f609fd1415131c0f04ffea030df60509f1feec030712120202,
10ea1915ef10f605ff0c020907fbfff7ee14170b0906f8050a11100107111210151405ed01fef7f80b1a0bff0cfdebfceefb00edf005f40af8f40003fb0004f1fe1902170306f0060c0004f812111302f7fdf800eae9f30ff0effceb020609f6f6f610f8fa000efefd05e70c0703100b0c07fa1508f5eb0709ff0106f2f30608,
12e91914e417ea06f817070ffaf5fdf9fc16190503f5ee0b131100ee01fc161320140000fdfbf0f4091b0d0102fff7ecf50cf3edebfd020c00f00df4f502f8f6ea04051200f0f0180df7f8fa10000815e800eeffe0ebfc31f109f706f3f809fcfa031901ed02faf3ecf0e81416130efe0ffb050c14efec0ef711fa19ecf603f9,
18f51218d717f813e80e031ff3f2fa03e025190f05eeeb05212717f1fd030a19221e17edf00ae1e90b200ce803ebfde7d80beddee3061716f7e9f3f2ebf7f1dfda1afa24f700e20f0bf5f80c0a21000fdb08dc0fe0f5ef39edf3e4eeeaf813f5f9fd07eed2fa04f0d3ffdc19151d1a182013fe0e10d4d204e818ee24f0eefd03,
10f0f425f31df207f6f8211ae700dc02f81a130ce8f80c1b161a17ddf70cf80a1b15090df308dbf6e01e0e0017f1f9f7f5e40ee4ee0a0023e7d7fafaeff3f9ecde06061be2ecd00f0df7e1e5f419fe0beef9e00ff2faf1ff0df4e1fce7f010eceaf0e6eee9e7f7efe9fef01d182315f51e170c07f4daf9e3d81fe21f0608f922,
1207f8350019111ef70a0e00dcf5e5ff09041917cae3fe2c1a0c0fd4d5f2f508080cf414e0faf6e1ec2b000d0111ed090dbe1dfe0608e40b0aebf112f0f300f4d4eef401dcdcebf1f3ddd0d9fd0716ffed14f9e709fbf3ee05eef9f2dae80bdad8eee5e205c6cde4fee9040f211cf705fd07f4ecd9efedd1d402de161b21031b,
0df3f12208f7050ff815ef09ecffe8f913e51413cedcf226140312ddc90cf8ecfc10fdf6f403f4f7d01ceb05dc18fa0615c8190000fbd0000f05e026f1e9dd1100f2ec03e0dd13fae2b5e5e7e5041d00fb0607ca0107ddf50df906f7dec20df0d4f2d7e406f6c7f8f1f20a010c060800ecf802f4d3fbe3e3ede6ed180b28ef18,
17e6ff0c23f310000017e70d03e6ea010fdf0c12c1e4e12e11f51ce8cc1804f11a1a05fe07f8f9efd225e213c10af51209c61a06ec06c6f70e0ae81ef0d9e2151b000205cdea0f07cbd1ece9e7fe1df905e607c4022ac20605fe0407edbf2603d7f9f4ec0b15cdfef5ed0ef20efd0ceff5fbfdefe510dce610dc0906ef07cc0b,
28f8110e24f0f700f51cf122f8f4effc04df22f7ade4e428020a10edbf1f01091413fa061507f1f1d02aef1bd007ee0512d117f8e8f5d3f60303e824fcefc8060d000e14d4f40e15d7e9fbceeafd2e0f07e41ac80016df1c10fb08090ade090fe70cf8e51214c80301eb08f026f70ae8f2ecf60edf0cf2e815da0f17e713df0f,
28f214081af4f90c050ff8190000ecf815e524fbabf3da36fd090417cd10021a0316f50712fff7f6c334ef24da0fdf0911e323f9fe06dbf1f9f00024f4ecc40b17ff0211df010706e10016e3f3fd1f03fef314c7e917e50d02f81fed10db1805fe0cf0031512c01107e60df036fd09e501f1f703df10f8e61cec0633ea05df1c,
32fd150912f9fc0502fef416fb07f802f8ee1beaa4ffe522fa000714c30b00182113fb001603fc04ba2cf121da12f20508f91c04f905e702ff030f13f7f2e41212fbf507cd060f08f70325d7fafb270c10f614dfec12f10f03e11ef4f9f406101512eaf80916c811f8ed00ee1df505e407ebf712e825fdec2df30325fe01d71f,
2bf824f613fb0203f5ebdd24e00ff9fafcff12f1a90ce037f7100223d620fb153310fdfa2104fc09b719f617dd04f2f911fc1ef9ecf9edffecfd101b03e5162012fff813d6fe011af30d36c5e8011e130cf20be5f105e614f1f70ff00703fe141d17e4f31119ba1302eb09f619fdffd90ef1021ffb2411fe1de7063adde8ea10,
10de19e80d0501f7fae7c228defc14f4fa0701ec9a1ad823ec0bff2fc719f6072400180320f50a08b00cfc18da0811fa011121f4f5fbfefdf3df141717fc2a131101fe1bdc1df425f60f38bbe1f9132b190009eff5efe80afaf80cfd2713fe162d2ed2061226b814ffec030011ebf6d41be3fa1e031718f624f11631dee3fa18,
fcd213d807fe13f2f4dbc61cf7f506f502fff5e29f16d017e3f6e424c02cf2fc25e930e918f61825bafaf70de2fe0df5f50d091000f5f90ee8e11c06191a3f020c0d0600fb320c24f5174db0cef309301a040af5ffecf1fe0bfcf100342fde1f253eb5fd0921cafd16e21701e9ec13d522e4f40e082121f11bfc1428cbd6f313,
e4f2df000eeb0ee5d9c8ee10ff03e301f00c00e0cb11f103fedfe109ca1cf70408d62af6eef7141dde04f10908e717d7f1fd091e2205ee250b0836fc0b1b320026f2f8e9211b11f7051a26bdb2f9090f1bffeaeb08fe19fd1cd6e8022c3adf26272a8aed200de4f51bc8171ee90a16ec1cf6f2faf31528ef05f92210f9f0e713,
f721b71ffaff11eabbd32a07f40bcd04e91cfaeb0b01fd01060ce400e902d824fdd72809e10301fa041519021efdfdd207e500162902e5291b2a45f7061a26fff7d500ed220621cd133112e0a3f726f6fa24eb0715f123f318c4d7e3261ccdff170da5f112dd16e427be0d37ef3217ee13f2dcd8e80e24def0f3f7f61f17dc01,
100dd52d03fc00d8b6df3e15f400cd04e32103e700ef04090629ed01e5fec23ae7e4051cea0009f9f21136211326e2eb10dc0c041df9f818fcff35fcf718180ae4df10031f0611e5131de2edc7ef24f2052cf00e08f30adf04c8cdd91d10c40efb14c6f705cc1a0f28d5eb39043106f221f4e2e3ee0520c508f6ebdd0717d814,
11fb08260c00ecd8daec380de7fbe9faeb29220bf3e70ef80f34f5080000de2ce7f4fb23f7f50ef7ea1a271c0c21e0e820e715020cf9f60bfafc3006ec0d1008eee5f928fc060de80f0bdbfcdbec28f2ff2f091207ed06e2f2ecf9df02ffea10ef12f4e600ea0f260ad9f42d0120f10919e9e7dd11131dd51502fee400feed1c,
0e11062a19f7e6fc02f318fbe8f5e2f3fc0b2414e6e2120512310c01fa01e727eaf8f219ec0209fce22c2116111cea0024ef1b00fcf9fd1004f51f1aede9000bf9f0ed1ae5e71afb090cdcf3edfd27f3031405060c04fae7ec28f6e0f6e2f8fef8fe04edf8f4f7200fdceb1cf11cf32013fb00ce14110bf2fc04f5fd0407090f,
0213102005f9f21211f50c00e6fcf9ff07001d0cdfe310fa19260c0800f0e41400f7e803effe18fcf83811100c18e60a15f3180a0bfdf30bf803f81cebe9f00df4f6dd07e9e3190504f0d5e5f8071afd00ea1a0e080306f5f42e01f3fcc70df7e7020cf7edfff91212e40212e620f5220710ffcb03020307fc0dff0c1c051617,
031710210bfaed151aed09effde4f3fc02ed0c26ede90e08051a0cffff03e4fbe1fadc1ceb071d03fa2ef304fe0f00101af20a120df600f70f14d921eafae5f6fa02dc09f3f417f6ebd5e4dfec12fffb0dc80df80b02ffe7fc2116ebdab009f6dee9ee0a07f6f0fc05e90218ef13ed16f8090caef30e0010f70ef701210c051e,
0920040c12eced1817f2f1e20aeff50a01ea1419efe0fe19fc0e1300fa02e517e203f10bf60704080834e71a040cec1926040a190ff8e0f7170eda25edfbda00fb02eef802fb1304ebe6e5f1e419fef903c2fce70a0f04eaf22709f1ccaf15fde6eee400fefef5eefbef0002e80af3e9e113f2a3d70df613f815fcff12120221,
0714040a02c7dd20100603eb1af2eefff7e71f1eeccdf41bee1419f6e20df113dbeb19f4fcfdfaff0238ce2ae61fe81816f412150c07dae72b22e229db04d0000800f10214fb1c03d3d80000e5020dfaf4dc0ce7ed11eee4011925e6ccba2a21e2f7ed06fc03edf3e4f0f3f8dd0713ded4ffdaace307dcfd03000eee1416e41e,
0812f50000bdd32024fcfce71cf30802fa003219e5d9f30ce50a25f2f711f703faff21f4f1fbdc18f447d620eb0de0190f03fd1401fed3cc3d26e430e707bb101211edffff002301c6cf00fcdc0711fcefc9fbd4e316e0f208102bf1d3b72b1dd7f4e715ea0ad5e6ccf5eff0e91115e2d6eeccabf31aca0cfbfd14f802fece18,
f200c508ff9ee7fdfff7eee910ea0b0001122c31f9e606f8eae430f3eb1e0a01fb0925eafff9d01fe425e414ecf5f1fef7fdfc2212fec4d64737db25e607c8201c11e2fd08e43df3cfce0304f70004e502defcc1e627f3ea0ed12804decc3731e7fd0016f018eeeabf0600fdd10a2ce8cfebc0a0db2bb3f801f02de2f009a713,
fbd9dff7ffa7e4ff090ffcdf20f417f8edf9091304fafdedd0d701e9fa1531f71aef28f418f6e7320101ebfcf8f233fbc003ed35150adce24826eafdf71ad1071723f0fb2b1b1700d0c6ec040a00f00c00fbf5c8da170afc19dd1d2afadd211fd6100d04f62100e4bff208dadce42ff8dce0c3c6fc0fa91105f62400fdf0bffe,
07ebedf90cdd310aff022df31501f809f301d9fb09f01d09edd9d1d1f00d28ea09ea000d0c09e70b0cf307db10fd1ff1ccfbf10f160905090301dcf2ff24f0f7ee08fbd71c19d80802e2d5f60bdbea071507e5fbf0fa101519ebeb26270eddd3d1fcfcf513f611ecfaf1220616eaf80b0105ed051201e903f00cf721100ce405,
04e90a03010f2c06f9050708190afb091df5d9f805f80620fae4dce3fa1222e908ff0318eefee1060ff219def3fa17e5e9fa06f30ffd0110e0f8e70a100cf9ebe70cf2d5fd0de10ff7f3e9f7f7ebe8160b05d80b0eeb091d13f1d811051eddc7def104f718e8f8da1300131d35fc03040515f01708f60df4ecf0f82a07280610,
ee09f91ce50b121802f804fb1b02f401e20f06161c00fd0de700f7dd02f709040c000508f2f9e9f604f619f806e900f4e1f3fd02f9f6fcf8000605fde90302fef0fce4fe18f2e10012ef00e9eff3f0f1ec13de00f4fc050bfe00e50cf6fbfdf2e7e6f5f4fdeb09e801f8100e0b101406fb0307e7f4e91af1e6ede4150529f9fc,
0a0ef700ed10fffc06040b00110afa03faf9f9f00900f1fefbff0803f100fc12faf809f30001120a1100fb090000f609f903f9090cf702fd031406ec00140b0303f9120ffcfa0007f5120b0b00f00efcfa0902f3fc0504050afff80313f3000b020c091016f60a09140403f9ee0a00f2f3f30af70afa11050af5fd070e05ffe9,
1001060bf90200030707080509fcf8fc000e0501fffdf10c0c1406fc07090f0803111602fefafa0204130b030dfbf800ef11fdefe9fc070bfcf5f808f4f5f1f2ff190b08fb00fb0c10f501070707060ef409eef1e8f8f60ff010f60afb040307f8f808f60016f0faf1f6f501130a180f0811f30e0600f813ee00fc16f60006fa,
1bed0e0ed60aef0bf41e151400ea00ffdf18170b04faea02142007f0f9050c0e2e140eefeff7efe4011d13e309f0fef3d709e5e5de090b1efeeef1faeefdf3e5de190020fef8d8181cfefb050b1cfd13ec08db02deecf328f803e802ede21af800000aeae40e01e7e0f4e615161a18201819f01623e5e503e51af51df1f21001,
0605ff23e912fe04eefc110de301f10a0f061a03ef070425180d09d5e408e80b120cfd07e9fee8ede4220bf619f002edf8f101eef806f720eae7ec0afcf408e4eaf9f80fe8ebd70bfbfcefe4f719f8faea17ef02fffcf5f61300e7fdf7e314f4eaf9fafbf6f7e1e7ecf50018261d04f60d191400f6d5e9e1da0cd8100d0cfb17,
0cfef32a0801111305e8fe05d007dbff120e310cb8eae7351f1b11d9d4f9df07ec10f813e201efdbc2260016f11fde0823cc22fbf707d806ecfee227e8c6f20af8f9f809c5c9fff8f0ecdbe4d91b1ee5e91206ccf602c6dde6f9efdedee01fe2dfe1dbf8f6cbc109e8060325242afce3090ff9e3e5f1eee1dcf9dd090325ef20,
1906f8051900020a01f8e917db04ebfc14fe1309bbf4d01c0b061bdebf0bf8f3041cf3060a08eaebc627df14d117f00b0ace0ef9ed01dc02ee02f11ff9cfe7200800050ec7f20502d3dff0e4e20529fc06ebfec4f70cbe04020407e7fed518fde0fcddeef911b503f5f410011b180fe2f6fc000ddc00dadfffe5fbfcf204de13,
10f102f905f0fdf916f7f21bf2ecfcfd0d0216f1a6f5e517020716f5c410f5f9121200fa1bf9ffffb112dc17bc0eed0c0deb1100f0ffdff1f702fe21fbd5de230ff91017be041407d0e712e5e4022f0f07df15c9ed1bb321fefd0cee07c91917e90ddc00fc1bba13eaf0e8fa22fe19ec00f800fbf500c4f509dc1305eaf8c308,
15f204f31df90e0e02edfe19e2fcf5060ef81ff7a4f7e12efb0b18f7cf1afd131206ff160ff30e00b223db0ccb0fdf1d11fe24eeedf6e6fbf506002307cec51822070910c5020512d7ef09e0f7051a0dfddd0fe7f70dd117f7f505ef10eb22faeb15eaf9fa1cc01808e902f72d0900e60bf20513e71ce2ff10df0d16e702c313,
16f612f40efc071605f7f720e80010f9fdff0ef3a40ce125fb0bfe11df07e50f210bf10e0cfe0ff9b028f625de07e918ff090afafb03e7e9fef9191d00edcd0c0ef9ff10ca13070cdbfd18e0eaff22030ce113def607f21eebf70cfa1dea110e0810ea121418b50c07f5f4f9230106d6f4fdf4feef1bff0912edfe14f2fccb1b,
20f418f012fa08fefceee117ed0207fb090301f1b413f519e9fa0016de0bf40f1f0afe041efb0d00c816f012f0fefc09000d0bf6f5f7f5f802fb0d1b09e6ec121204f605da06070be70f34ddeb0111040add0ef10012f91b00ef05f11efa06111610f00d0723c60b0ae907f218f000dffcebed1b030ef90521f30a10ededdb1a,
2ce71ee01aec1503fde0de19e9001af6fa1304f3c720ee28f3fff918e80aff061df8070326f30c0cc50ce91add08050e07231bfdef0202f0fde6180e03eb15140d08f314eb2cfb21e51328d1f20211201ef31700f704e30cf6eb1af2231c060e1014d600021cd72101eefdf418ecf0f0080310240117fd0222eb0f0ee7ddee13,
1fe61edb24e20910fbd1dd06ec0421f50708ecdaba26e821e6fde420e425fe0310ebfe0830050c1dc1fcf014e70522fe0014150bfe011afdf2f1132224062605170df307fa52f11fec0b24c9ecfff7241bf91501f4f2f0fc03060d0c2c22fc0b121fc101061cda1902f211e1fbc8f0ea07fa07220c20050119ed11f2ddd8f01f,
02e209cf18e610faf8bdf710f7f919f70f03e4d2e225f61beedcd818f313f4f3feea10081bf80f32d700f2f8edf626fef4130f2709ff15faf6001d001b233af9230a07f81a5b0910e51721d9d503ed102ef00404fff904e30cfcf6052a35df121c22a603140ce30516e814dde1ddfde4fef80d050126170206011fe7e9dbe612,
f000cd0213f324f1cebf19ff02060103071be1f607041a11f1ebd00e0707e40fe6d10c0f00f3122205fcfef9000912ee0204042c2ef611041e1d2af809331ff323e9f9d6293121f5fe2412dfc8fcf2f3230b001110f82be01cf4f20d3138da011220b0ff1fe902f421d92101e40600e9000605e2e7252ce703030ee31f00f206,
e522bf2609f811ddbbc93af8f613e5f3fc24ffee20f10ffc030ed90600f0df2bead61f1aeeff1a0510061f131d2000f310e5ff1b2507f119212433f9fc1e1af9fbed0ded2d121cd51430ecf3c8fa1ae31a2c0d0a13f42aee0ef0ddf4192fd3fe1609c10419ca18f628e40415011501f414f1fee4e91630e3f1ebf7e0240cf112,
000ed73716f710ebc3f12205f002d507f1220b0217e11b0f0029eb04fffae23dd4db231cf9f91ef8fbf328200e2fe20621e110121dfbfa081b0d37fceb1310f3fde1241417141ce90f2ce4f2cbf421e6ff341f0bf8ee11df08f3fbe4fa1fdd1f0622d6f20fda10180ed707140c0ef3f31dedfeeae62723d104f605d10b12e310,
0e0bf63611f201ecd3ef1509e3f4e3fee526271909ea12fbfa25071a03fbda31e9de0d1501f421eeeaf12f32191ee5082ae41f0b1af4ee0f01f02313ee0b130bf0e0081c0a1419ea1b20eff9e5f832ea032a230a09ff06dff7fc08e00705e917010febdf07e6fd2800d3f91c0d06ea1415f0efe2f6240fe5070b06e40ffeff21,
0e0b1a2a10f8ef070ef31702eef3e706f0170b17f1f018f50512031809fcd719e3eae513ff042000ec031821101ced0926f00e080bf9f30a03f00d11f1fd080eebf7f715f40911fe0bfff0eee50314020704221803f7f9e1f31dfee917e9e906fb0cf9f0f1fce81603d1ea1206fcf61f1cfa05d10d130100fd05ee0004040a0c,
11071c11120fe61b0bf90000f6f6f3f9f6031312fef2030001101311fcfae303f9f8dc12f5f7120200020a100522f21226f9120707fcf701fdfce81104f00c090404f50fe7050b0905edfed6eb07131006d6121a02f6fae5fb210cecfbd60206f3fdf4f800e7f11b00eff207f70ae91c0f020ed40006f60b010efbfb07f51611,
0e15210612f8ea1c19ed01f4e9ebf2f801f70c160cea040d0d1e07050309eb00e3eff00303011bfcf821e911f814ff0a23f31b04fd01edef00fcdc2bf1fbfe0bfaf5f205ee0615f7def6f3d7e90118fa09c51c0c1201f8d1fe1a1b00d7be11010304de0100f9f11604ebf303e20beff7fb1323bfe300fbf80b0b04ed0c0e171c,
1a00230204f2e21a1be81000f3dce8ff03f10d1603e7fe10f924030ef20bdc10e5f7080b03f50efefd38e212ec20ef0d22fb1308f8f5dfeb0307ef2de509f706ff0503040700000dd70600eee0060e0807c203f503fafcdbfb1111f0c6aa0506f4fad20701f4fa0aeef0f400f804f3e0ec0715b7ecf9e90313fe09fd130c0b11,
0e091b09faf0e5260fed1eeb00eb000103fa2306ffe2f51af51d15fbfa0ae30ce1041000fd03fb08e242d024ef1de21a0dfe1315fb04e6d70e06fa2ae7ffdf07050a030f0b0e18fadce700f7e10811f302e41b05010cede0020a22e5bfa51f1fe601da0ff3f7f30ded0ae9f3e8faefd9e90d03a5e8fad60508f80c00fd0fe404,
12f10d00f7cade171bf9f8f512ed20faf8ff2618f9ddecfaeb1025f4ec08f310f11112f50902f109df3de12ade03ee1003fcff0b05ffcbdd2f1df12be5fec1161a0af115050c1507c5cb0004f10d0f0bfee00bf8ee16eef9fff827edbc9b2b27e8f4ee0df714d005da05e3dbeefe06e1e0f7e297ec12da0514f025e7f30bba09,
00dcf2ebdbc9ce00f9eeeaef1ce5290903fb292411faf0f0f1fd28e7050811f2060413e516f6ed2ade20f002fcf00110e7f8e01bf706dadc4422d906f609c3222019ec0c25232d04d6c1ffff04fafeffecfd12e4d62af1f614e12400d5aa2e32db0df518e725e4fbc500edd7cffc26f7ddf1e4afe406c7090be63300e9f3c7ee,
ffd3f4e1d3cddd0a05000cda21f72ff8e6060a1c1ef306d2d8ec15de08ff28e0160200f1070af21b030509ecf3e12407a90cc61f0102efe6510dcae6f721c40f1816fc083528fe01e8beea090ff7e206e407f4e1d91b070308dc212cebc83114df19040bda27f5f6c5f7dacceae52824def4e8d4f1e7cc07fb002117f2edd6d7,
f5e2f809e5e41617100617e01bf015f8cdfede0924fd0ef4dddfe7d5fef617dd03dfe10b04fff313fdee21d002082216d108e81e070008e922f6e2eced21d8e9e313eee83237de13f6c6df0007dde415fc18f109efe2181504f8fe0f0ae8eee4d9f5faef04fd13ebebec06e70beaf124010cf4e106d8d607ec0bf9381610ecff,
d9f50012e9fa372f170403ed27f421f70603caf80b040c1fefd9d4cafaf012f004f4ed2cf3fbfa1e19e225d005081ffde30bde1317f905eb0a12dffbff1becf9e02be7e42a23d2150ddad40303eecd100f26da1612dc160a1aecf314f60be2cacce9f40222ceffd5fcf622e839d9db19fb1a10f215de0902de02d2351635f602,
edeffd20fbf70a020f0bfefa1af616020a0aea100ce702eff0ecf1e808f414fd01fffd18f905062201ed14e7fff81b17fb08f2102002fcfe1e04eff4f61000f1e81eeff01608e70018fdf1fd07e6e4f0f800fb00f2ed15f61e07f111f208fa01eef0fa0720f305f700001b000005f217fa0d08fb0601f500eee8f518171110fb,
0af904f90012feef0100040dfc130c0000f4fbfb0811fc1402e9f7f9fe0e14fe170202f80205fe000610f6fcf0e910faf3fbf4fffaf70615fdf4feea110916ef0d090cfd0209f909f201080011f1e9120309fb0e120cfa0e0c0af9010014fbf50c1603080a12f60f0511050516f113e80bfc140800f015ff0ef61617fef003f4,
0bfa0cff000002fcedf7f8fdf007ee07f40a041efb05f407140703f7f10e000a16001504f8fcfdf6fa0219f304fcf3f8fdfc00effbf8f70decf50500feee0a0004090505f2fe00000116f5fffc0f0601fbfa0102fcf7f308ee1afbebfd0ffdf908f9f403f90df8f3f7fde31601110bf710f9f30c1706f7f9ff04ef14f0f40d15,
22ea111fe718e2fcf4190e0ff9e9f508eb27250afaf0fd06152906f30500110f201b08f1f803ebe90d2b0bf70ee1f0fbde0eebe0dc09051200def5f3e6fff8f1f31ffe2efcfdd8270b03f0f51712fc20e110f4fde7e3f22b011beaf0e7021ff4000022daef0efcf5e8e0d0191f13161b1f17ec201cd6e51aec14f521e9e02aee,
14f10a1cfc07071202ea2611def8f9050a1213f2edfc0c14071301f0edf2e106fafbff20f109fcf1d818fb0b0913f01305ee12fdf60a0000f1eb0200edfd18f5e1ef0f0af216db05f6ff0ef2ef0519eff816fb0e0501f6ee1102f6f6f9fbefe9ed11f8ef02feeefffbfefa141b0dfaea0c0c0ef5eee501f1f1f3ef0a0f15ff06,
12fc0c0a110007121de7010ccf02f30813170df0c0f2e22d101ffbedd2fccdfef309e927fbf519efc306e61be02dda1a19fd1ff6def908f9c8ef0230f1c9f6140000060bc905fe01e2f3f4e9d20511f500071dde0206ccf3ba03f9d802d409d1e2ffd801fcd4ca22e208ec161d10efd32106f6f406fddceedeefc9fbf212f121,
0ff306f012e9f30b1ae8e925e4f4fdf6090520fcc206d907f4071adfd116dff4170408010ef9fd05ba0dd00ecb1bde0108f706ebe4f7f4e2f400f11c00d0eb2007110810ce150f16c0f104ebe8040f060ed606daeb09bd1cdffe02eb0fe918fddb0ddf11f010c525d202edff0c0f09d109f5e410fefab5fcf2edf6f2e6e2d801,
0f0112e712e1091421e4f209e6f61701fdf911f8c011ea0f001107efe101e6f91cfb0d061cfe030eb118c914d704da1c010d07fcf4f6f5e000fbe623fee7d016100a080ad91b0001cfe418e0ea101c0608c21eedfa12db20de0222f615df1803ed13e019ef1ab822ec04e2ff151203e3f809050d03fcbe1009f304f3e9e7c10d,
0e090adc19e8082128df0513f2f210f806f503e1be0ff70cf80c040dfc13ea0a12ff030f110218feba0bce0ae210e228fd2410ffdc00fcdbfaf9f52b11e2c51a1619000fd8190407d1d21beeea0d150f04dd19f3fe04d92be8fa1df01fd014f8eb0bf824ed26c319e8f4ebf52af504e5000efd1afa0dcb1903f006edf5f3d312,
080309df15ed020912d90b0de50d1b06060b00ecc421ef08fd0af719ff12f00b1500f207130205fec01fe60de6fdec1e09260501f007f3e8f007fe16fdf4d8111bff0504dc22fc0fe2f72debf0001b090ae027fbef00e819f0e50cf71bf20afc1312f211fc1bd31dfff2f0e613fa0dd5ff0aff050606e20b16eefb04e9ebdb05,
13fe15d914f7110504c5fd0dea0c18fc040401e5da11f00d000a0416fe07f40724fcf8110dfc0d0cd50ce714ff06fc1b031803f6ef0affeef503180014e4f40c0801f703f42dfe0eea0b26f30102180c07ed0c01f10ae408f1ef0903251510012016e406fa1dd61df9fdf7e208f502d00304f8220f1beb130ef60eefeee4cd0a,
14f01ede0ef3150a09c5d90600171400001600f4f314f315f408fd0c081303f70dfaf20911fc170fdd05f011ee001b08050b1402f4fc08f1f2f907160bf506fe180f0505fc33fe07e71122ea06ffff170fef130a0c06e1ebeef6160733250b021b03d705040fe917f9ec0bea07dffbf2edff0b150e29ee011bfe1dece1e2df0c,
09eb0ee71ee118090ac4f9fefafe1f00020a00f2f60ff119f2ffe8110a1a00f8f4e9fd172df9101decf1e206df082210080a162103fd21e704f6051a131714f21510f7f5233e070ce0070ce7ebf2e3121aef1bf9000500c206fe19172b2af411140fba060b07fd15e7eb12e4eadaea01f4061311132bee0518fd12d9f7d4d719,
000303ea24e70af900cb15fa050113fc081bebf5150aff15f0edea110b08fd00dfe104201dfa1b2af9fceb07ec1a24020f09142124fb22020f0d1e0c1e2e13eb23fff4d92f4d1508e110f9f4d9fcef002e001400fc0113d7111f01082b39ea11040cbcfd0af60b01fce51bdaf6e1f8ee09020bfc0b2b010214f210cc06e2d810,
f00ed40e1dec0ff9ecdb13f4150bf900ff0ae8f428f8101cfeffdf061504f922dfe40f27130615081bf6090d082206fc12ee09312cfc2100162c26f9093c0ae615e51ad83f3312f80d1ef1fbd9eee5ed2c25081314f824e027ff00021a25e410ff11d00125e218ec20f31703f1fdfdf0fa0013e6fd2d1de8fc0001d52e0fe516,
f00bcf1c16f510ecd2e827fe0021e0000120000233e31505fc05ebfe10fee635eae4292308f417011ff01f162223fe1404ef0d292b0209151a142efa003705f500e12900231816e91d25ecf3def105f51a28191002f81ffb19fdf8050518da0f111fda021cda18f425f61111fb0508f807fcfde9f2252eeafdedf9e9290cf106,
0212e13013f80fead8f514f8f601dbfee71a011323f11208f21bf61109f1e62fefe51d1dfdf41ef907e31d120f1ef30c09d219162dfcf4021e0122fdec240907ece51d1417230de3112be1fee9e709e90a27141103f216f70ff8fee9fc14e51a0b19f0e514e3111616e705110004f1ff16f30df7ee2212d210f1f8f71200e816,
0cfd0a2b1cf91401f2f518f7daf7f306e3220f0f06e1250ff91b06180cf8d62ae4f309200bf928f1e5d720280e29eb0c1fdc1a1b050200fd04f7200be705000cebdf1523f52605ed1413f8f0e9f125ff0829300cf4f004e9f51018e51c07e60dfe22eee904e0012308d6f6fa0df1eb0606f810fff71400e7190cf2e71305fe1a,
0d04201c1209fb1317f2020cecf602fcf312170705f1011afe20fe1b09fcd61ef6e5ed2405fa23faedf32421011de41023001e0ff20206f6f7f90524f6f810fffefef429ed22fc0007ee00f1ed011a1012f31703f8ea00e0db2511e22900f5030807f8f5fbe3f314ead9ec0016fbea1a1a0203f60a25f8fe0504edeb000d012c,
0a072117110ded1f1ef1fe0dedecfffdf70b180d0afe0904041912140c00e807fbefe712fcf725fefff909150d10f70217001af3ed0309faeeeef623f6f20e03ec09ee13ff19000d04ee0bdae507191903b60a1c09fbf8e3f1170ce802e507fdfb0cedfdebf5fc12eae1e90205f5e7210b1505e70806fa050509f205fd060e12,
18fa2f07030cdd222ce5020ce9daf504fa04200b22fe0205032205fc0400d00af4fbf500f9f41d00f216f21a020ee40910fe1002f7f8edf8eeeaf51ef7001200f00903190425fd0df2fc0ad4de0c1516f6ab0b0dfdfbefd3ec0512e5e7bc0e020208e7f1e1f6fd11e1ece2050a0cf6fb082106dff7ffdefe0703fd00f1fa1605,
0fff20eef701e42a21e21503e6ea0e07000f12070df902010b330a0cf808dd09f810fe0afefe1008e325db17f80ff31003fafc00ef06e1fbfef8fe1bf7f01309fb0b070a0109fd00e6fd07f3e2ff0f01f7ba0c0e0903eae7ea030ee3d0c50b030601e00bde01f80cf20ceffa00fef5e2021c06d0ffecddf702040114f30fff02,
070003e5ef08e31419eb1c0001fa10fef8111e051ef900fc02160bf8050af0f1fc0e01fffc08fd03e625ea1e0702dc08fa07ebfbecf5e6ef0e01180f00f3f2160101fa0aff0b10faecea1507f2130606f5d006000211dffeeced20e3bfb80c0df20eee16df06f00de800f2f8f8f2fce60b00f4c7fcfbe60110fb0518e5f7eff3,
14e80eefebeef8120dec0dfe00f22ef6f312210909effdfc110b17f1f806f0e6121402f50ffded09cd33e617f8f7f511f0f5e2f8f403d7ec100c0408f6fae41e15090a0c002e1d0ededc10fcf1040909f5f515eef814eafffce41cf9dda71403eb0ffa22e31febffde0ddfe9f6fe0af20703eed7f1eedef70eed0a1ee000d0fb,
09d4f0e9c8f7f20500ed1303fbfb28f8ff0e20201808f1f2090c2be7000c01e1232102ec0900f710d13cfbfeffeef908d5f7c8ededfcdaf61a01ddf501facc211d11041a01360f15e0b806ff100bf80ee9f90bfbf123e023f1d31c05f0cc2413e7fffa0ad83ced0cd6f7e3dfe7fa181d0a0cece4ecd7e0f903001f29dae4dbde,
e9d7feeac4e70a040af416fa11f63ef802f6ed0b2005f8e9f5de16d80f0c15cb391800fb00f8ff17e4120ad9fddf1208aaf6bd0efcf6f3f22ef4d7eb0109e1110c14ff0029370915f3ccf5132501f016fa0ef800f21cf01509e6101cf3d52f03dc0dff0eeb31ed05dffce4dfedf8261f0007faee09d9e9f0faf90b2ce0ece2e2,
f4eaf905e7f8121310f50fdb11e43a0adf03ec0b1ae605e8eaebe2e118e31ae9fee6e3050700250800d12ae01b0e142ce106da2c16fc10e127e7e4e1e51ee2dded1ce1fa2d44eafd04eadb0004dfe5f5f215f80ceff5fefb09110b1af3e808e8e00401ef07f00af7f2e2efe709e90030e72414d417d1e602f30800250800faea,
df18eb13d1f53225290112ed2cf32dfafcf2e10a271420ede6e0ecd723ce0fd4ddf3d72ddf090f1315e72ad01f0d1b2aeb1ee32d29fc20ce2408e8dedb2ce9e2d624ecee3038e00515f1db250f14d2ee012de11a0cf20f090dfaed27d9def5dee8d8132a24e609d601170ee021e7d930ec3121e517d70d05cf0cd02f162e04e9,
f1f3f005fffb130e1818fceb0bf51cf70cfaec0d13ff0bf2ebec05ef1ef90df2eefbeefded06081011e615ecf6fa1111ea1bf612160018e40406eaf1fa06f2f6e90af7f8081bf6ed04fce10d11eaefebed15fd10f7fe07fb0b00fb16f1060bfefdfb01100bf20eeaee0f14ff0000eb06ec1410f5fefaf509e9f3f10503120ff5,
19f515fb0b1506f10105070406fe03011000f400fc07041513fff8f8f10f070802180ffef8080200010600e7fcf009f5eb07eff9ed09001300fffbf9001200f90303fd000005ec0b00010c0418f9f50f0b00eb0cf907f61200ffe7010612f7f301051101070300000d11100f0d0d06f406efff0400edfc00fd041119f1f510f4,
fd07fff8f4ff03f000f3f601fb0ff1fcf816fb08f504080e11fe01fef60ef608fdf8fd14f9fd0209eafa0a040e00f603fef71af2f400000ff70b00fe09f80b0a04000201f4030ef9060409f7f70e18070700070400eef2fcf417f0eb0700f8fcfe0bfd00f7ff00f805fbed0e0cfffcf515eafb02011300080013edfdf3f3f20c,
18ed25fdd41ddbde07160e36e4fe05f8c821edf3e907e4e1f907f8f1ec18eb0129f018f4050100150d1207fd17f8fdf8d10de2dad902190500f30ee2040c1407f41a121f0712de2c130d17f9f9f6141df3100106e1d7171eed28f2e71000e419f9120be9f61b1910e4e4c907160019f125d5e01a27fc0b1d020a0123e0cb1202,
09fe0f020714030b02f5fd11ec060906ea19ece0f2000b12f314e9dcf3e7d703f2fbf22912050102f3fe00ff001aef1601f6f90106f908f7fbf00cf4eef70201e0f21210fb32e10505f4fcedebfffef802fe010bfee704fe0a1cf9fc01daefe8f51df1ff0ff4ee0201fbfb0c0d03eef2090c0efb08ea01fcedfde1010e04f90e,
060019ecf9f0191820edeb03e0fc0df8030bfbf1d0fcfefdf80800e7e001e000f1f6f423fbf40d08ddf4e6f9fa2cea1200060502ecfb13f9d207041ff9ef0006f90500f7e31bfb02fce3f7ede215f40008fa14ef03faf005b409f9e207eaf7d6e914e312ffe9f20ed604f1130a0be3de170bf8e822ebe416cf08d1d6f2f6eb0b,
010f15cd04dc0f1d18d1d917faf41cfb07f6fbfde313f6ede40a13e5f1f7e9e10cf9f418fb07ee0dc9fdd4f5f01cf6090418f609e60015e90116d615f6e1fc1f040409fbf7270a10d3e6fbf0ec19fb0100eb0beffb0eee12cd0affef04f80ddfe910eb32eb09dc19c217defd111202d60a0be6001ad8aa1cf102e3f3fdead0f9,
08081ad60be5171514b9de0fe4f426feeffd04f9fa0507feee1109e8f3fbf3e806f601010dfe050ad010ca0bee0fe814fc0fee00fb0621ecff00d611fdfad5160a10fe09f22f0105cbeb06f5f8121600fadc1601ea07fc20e7ef1cf915ee0cf3f013fa1f000de821dbf9e7051710fbde0106041719ddb409fafefaff00ebc8f3,
f5f913d202e106171eb20706f9e713f6f5ed0deee9fffbeee40f0e000408ebee0701fcfe17060414dd0bd412f505ec24ff24ecfeeafe0cf200fdef1cfaf9d10612180109e62cfb15dad422f3ec07120cfcf828eddffaef1edc0710fd06d01301f6030012e82cde1ce3f5daf215090de0ed04010614f2b01efbf4f8e9fadfc3f4,
02f816e217ecfe0f18aa0f0ef7ec140b00000feeee00f5fbef0bfc170a03edf70cf8f9040d000e0be408dc12ee0df61cff0b010feb000ee60c04fa1e03efdc0205fe0e10fd2afa03e3e01b00f20a1d0f11ff2503e803ed03f2ee0df712d910090f14f205f111e210e5f5ebed22f60adde4fbfd021711b915fde009e1f6e9d1f8,
fdfd0ddd0cec050d12b1090f070f25fb0505fdef0917f405f610f214110a0e001005f80b1df8121801fedc0bf5f60a22f00f0d0df4000ceb070bf9160ef7d4020a03feff002e0013dcf31c0305fa0a140b0c1106f908f7f7f2f7110021070808100cf5fd0312f116f7eafcee13f808e2f7fd06120d0abf0713f407ecf8f0c8fd,
06f619e314e5210207b904030f0c2901050d00fd1202f51bff0afd111e0b11fe06fdf30c15f41610f6eadf0ae0ff0c1f08101912fafb11e8fbf7000d0af5f2fe18fd04f80215120fd7f90ffcf6f404ff0bfd19070205f2cff6ff19121c1212041ef7e602f705001af1ee04f718e00df4f60d0105071dc7f414ee13e8f0f8d015,
fdf510e918da150503c5140005142a060d0d03f31e01fd15f812f41b1403fe06d8eff9131ff71e2107f3da1be6020e180cf016240cfe00f209000406141ef5f725ea07d9242a1afcd9f5fefcfaf2f8022106160e030000c2001514151628f6050605d5f5080a040cfdeb12e10fe3f5ecf30408fa0d36c7f81af20dcff9ebcb18,
f406f6f922e70bf8ffeb18f313130af6fe12e7f51afb061dfbfbe712fef60c0ce1e60f2313f91a1010f0f302ef09211114eb17272afc16030b0e1bfd022e01fc19f011c937260bf6f300edefe3e6f8f122101b0afd0b16c71e1615131d34d610fd13d6040cf6271001fa19e7fdf1f9ed00ef0cfd0039f2ea1df20ce101f4e512,
e607d12016f7feefe3f327fd17150cf70015e9003ce41506fbf7ddf2fdf1012fe3d40d250dfb210e30d91a0014160f0af9e903353cf620081e2a2df1f84903f600eb25de3f200bf0131aeb04ece3eaeb111822fafb0131e22c01091c191fcb100619de0321e138f417ec0cf6faf0fdf0f5f509eaf12919e90bfa0cd9290de911,
f4f8ce1e10fafbe1dc052d040104eff8f526ea0932f7150de7f3e60501eff72cf0e120251a021b0733e42b15232ef313f6e1f92337ff1c00350e35e3f74703efe7ea370b3a26f3e72625f6feefecf6f201232209ebf52bfc3406080f0b16d7280028d6ed2bd9270618e6ff0303fdfcfaffea01e9000f0cde0a0000ec2306e6fc,
0200ec1d0508040cec090c07eaf8f2ffeb28111321f3170ae81600120ff6eb26f2ed062b1afc24f708ce2e21132bf3160aef101b1efa12ff16ee3102e42a02fdf2eb1c371a28f1f51710eff7eae903f9fa2b2a06edee17f70c030bf6130dfc11fd23edf20edd081506d8e5ff12fbed0410fa01f4041b06f00a08f4f7140bea17,
11fc1c1d18f3161315fafbf8ef0206fde119ff0214fd1314f70df912fff0e227e0ebf02910083701f7da31120136f42a10f00c0c04fffff403ea290de40003f7f8f7162ff421fafeff020402f2ee11f805142b0af9effdfaf21518ee1f11f303011ffbf600ebfd1efccdf0fd1af0e21810fe0dfd070bf0f70400eaf70b16ee18,
15ed2918160c0e211d01e7fbe5e70a08f11c090101f811220a0e0d100af4f114f4fbe82109f427f3f009181b0d21e318100f24fbf9fd00f1e8eb0b1eeffd0004f00cff2eed2febfd0aea03e6f5f91c1606c92a0ff5f4e4e4da110ee0211000f60c0ffcf5ede4e724e9e2e8022cfbeb25122104050b09dd0b0b0ef2f203000420,
1cf721fb0413fd2421f9e30ae8fb0cfcf3060c0b1c0d110d111c061100ffe8f50009e60efaf619ede90afc130c0def0f0bf717eaea05080fe2e6f31707f5160dfb1e000f0129ee04f8f912d1f10c120cf89e0d1703f8eef2e8070eec0afd17fa0109e9faedf9010eebf3f40915f9f518152207080f04e608080ffe0cee081211,
17e32eedfe16ef2624dae5fce5e30706fe120800120e0f011825fd00f8fee5f001f5ec06f8f41207e615fc0d0bfef3100b010cf8f4060205f1e9ea10030f260d0005fa1d121bf008020312d1e1001b05f3a90f190af4e5e3ee060cf3dfd41201000ed7fbdc020114f1f2e1070406edf70e1510fb0fefeef40f0ffd12f5f20f04,
0cf804e3f51af40b0be6ed11e4f70cfa01191d0c0205fdf0192f1906ff0fe3f60007f00afb06fd02db25f7060cf1f503fff5f0ebf4faf50ee9eb030b03fe1f23050cfb12f31b0e01ef0113eef0141309ebb607120c07dfedeff309e5c9c60a09f609e50dd702f008df0fe509fe02f1f40b1e04f4fadfe70208100128eafc1100,
00f7fee9d915fa1212e00e09ecfb1108e9111e0d1d0905f0292516000403f4ef0812f901f8fcfafce72cfc060bf7fb00ef03eafff1f5fb0c02fa0dfa070c0a2104070517fd21130703081800f3fe0a0aead50c070012f200f5df1bf4d1b51afcfe10ff13d219eb0be312dee6faf2f6f40c02f8ec0beef4f8100a002de2e6f3ec,
0ae60ed9d91ef002fdf0fe0ef8ee1cf8e520240e0d0feafd18180ef40103ede3220ef9070007f00ee82f02040bf4ec01f40aebece502f3050bfc0d050605e934131ff8180f32060304ed1cf3f60d0a11f6f20dfcfb03e90be8f501ede6b30900e11df902d315e301f0fcd7f206f4000323f8d8e612ea00f609030022d5dfe6fa,
09e1f4d5ce03e8f2fceaff11f0f919fffd0400041514dffe1c0515eb0b1e00e22f16fa02f206fe12e13003edf7e900f6c403e4f3e8ff02fd0301fcf908f9da291315ff0c04280a0bfddc250a05040d1ef402f8f3fc19df2aeaeffc0ff2c518f2ee05f404e72fe406f4f2f2f2ff0310021b0de4040fe3f8f8fd021038d4e3eafc,
ebede8dac8f01a09f7fcf3f30cf42f0007f9e3fb2c0f0cf00ed616d7260f1dce3b19ecfd0802fa1cf31d0dca13cc1f02af03d20e05f914f810f6d9d90913d6020b2100f4284107040ed9ed0d2010e50ffe11ef1ef714021105e8fb32f1cb1df4e6ff0a10f22af5fdfb02f9dceee21721f6140cd20cd2fc00f413072bf1e2f8dd,
f4edf8e1f8f0250702f1f4d3f9e034fbe8e1e6072eff17e3dae5f6eb2ce321dadaffd90407092c00f3ed0fe40dfd1827edfdcc341dfe16e930d7e8dde727f2eaf50dfeeb1f24f9f70ce7d40f1bf1f6edf5100824e40704fb0fe01621f1f1fdfad60506fb160503f000f8eae706d9f41ae31325e220d21103070906080fe60fd4,
e70500f5ea08172e30010dfa12ff2bf6f007d4fb190b15f8f4fbfcd40de204ebe4deeb1f010023191bfb25f60c121014081ee72513fa21ce09f5fdf3f215f0eed71def00152de40610e2de1c02fae3001c37f117fdd21d18f3fb04fcf6e3eae6e4f5081828e411e6f70b03f22decd91f021805ed20e31912d907d10a021c0af8,
fa0b1906f5f11d110c19fde513f12108fe03e407140510edecf002eb11e114f9e2dff321f100152219fb24f9181b0f100213e11a16fd11e81509fbf0ee19f5e9e919f1ef1a11d6fd1cf3eb230b0debf40324010ffee71f1ced101f0bf1e8f1f1edf8071d27db0ff6fa2406ff0cf8ef1efa1008f816efec0de912e90c181b04e7,
fc03fc050200fa03030500040100f7f6f70d000a0afa09fe04ff01fbfdfaf90905000d0ef6fcf90009fefdf60608fbfb0302fd00ff0af10a02fbff0202f5fef7f307000403fdf307fdf900040ffd0606f108f70106f9fb08f20403fffef103f2f903fa03f4040405f4ff050b0d02fd100504f8fc0602f700f20805fcfd070603,
04140006e713f8faefef0506f60bf407f306f200e80802f60ff5f6f3fc0bf3020802f70bed090407fe120c030bf2f9fb010b020009f6fe0df9ff09fe070e130402f7f9f802f40deb1503fdf5fa14fbf705ffff0b0efc05f8f60ef4fa0816fc0bfd06f90df50f130510f5f900f509ef0208eefbff0f050f030318eb08e9ff0c10,
fe0d050adc1de5e7faf5060be10cfbfae518010aef1f18e71200f7e8030ef2fa0ff6f511f8fe001e171210f922f0f8f2ec17f8f20bfd0d08f80216f00b07140fe700f41611080e02190311f4fd0f130900f4f91f12ea15fef710f0ecff01f302f5140919f1fc1e090400e10e000100f70ef6f4ff220314160312f61af2e11718,
070efc00f1120af9effbe607f2160efbfe17e0dcef1918fb08e6e7e4fff1ebeb00faea13fd04fd16fcf706dc240c13010105e70d21032606f1f809daf91a04fdf8f5f60f1b29e5f40cebf6f3f20cf4f60ffcf82414e31ff903ffeafde3f4d0e1f115ed0a15f209000b14f411fdf5e7eb080e00041bdd1502e31adfea00ed04f6,
f317fdf4e1f5141012d6e2f9f7040afc04f6f506db100fe3f90403e7f3f2eeeefdffe31af0faff0cf604ebd304150800fe15f0010afb2904f61500ff000023fdf901ec000423e9fa01f5ebfdef2ce9f3ffe8f81319f0100dc2fae6e8eaf703d3f400e020f6e20df4f613ed1e0512efec1717fef820d2f021cc12cae215f0f5fc,
f20811c2e5e9291c08cde2fef6ec2a0203eefbfef6050ed1e2fe14d80e03efdaf5f6e305f801fb06e7fdc6ef03fe0311f51ce601fc0225f4f620cf0700ef090f000b0004002cfd03e0ebf500f221fcf1fef109f3ee10010cd2f8f7fb12fd1bd1f703f21ef40df905de1cde110d2bfed80d12efff27d2cd11e60aded80aeeedea,
03f510d4f1cc1e1d15c5e00200e421f7fbf300fa0cf715dde61715f307fae6def0e8ec07fbf9fafced00d209f916fa1def18e10a000a23f0ff16c410f3fddf03f614f917fc2afb06eae8fcf6e50f0a0cf1ea0ee7d8f30afadf0005ef08ec0ce2e000fe10ed15f70ee1f4e0080b20fdcc0a18fb0e25cebc07eaf1eee90201d0ea,
fefa12e606cb061413a0ee0cfbd417f7f7fa1deb02fdfcdff11208080707f1e700eef709fd041a02e4fde01ee711db13fd0df4fbe80615ee0d01db1cef01d709090efd130e2c0216eded14ffe5000d1203f61aded1f0f7fcf2051ff203d122f8ef0cf813eb1af919c9edd8f7100d0bd6f80af00010e1a71bedeef9ddf2f7d6f8,
01051df90fca131e1d9d0d000dd31506f5ea0ef203f1effaf21d12100212f7f105fafd0005ff0e0ff707eb1de514e71001180304e80a09f30b19ed2df8f9cefc061af70c0f140904dfe21a09f70c180a01fd21dbd301e8f9f9f80fed08d322190b03f10af2180518d8dce8f1130915f3f6fdee0b0df99605ede307def1fbbf0f,
f60b13f909d8121114b411f70ee617ff04f2120013f6f502f80d040d15ff06fef3f305f810f919120af8f610edfbfc1e030eff0efa0702ed1c19ee17fc0cc6f00fff0af1211e0907f5d81b0ffd03150005090ce5db0801ea02fe180b02d017070300f50d0119050ae4dcffef14e702ecf409f6000f0e9d1701f30cf200feca07,
f115f8ff10e313060fcd0ff71503200202fc16fe19f7edff080af3141c001af1f4fdf3030906211303eae916ec07171215f8012600fa04ee1716f40df90cdb0022f205d430ff21f1d6e9ff0e11f2f8fd0f181afefd19fad30cf81c1a0bf6ff1613e9fb01fe130f08dce700f20ce8f900ea070cfa081b9bfe05f01dde0b00d3fc,
ee0de7f515dc12ff01ef1dec141532fc0d01050620f3ff000e04e0180def07fcdaf402ff0dfa291e04e4f112f4001c1913e40527170300f31717fffef419e7fa1cf309c3350b1bfdc5eff7fffbf0fde61e102ffffd18f9d218002612090aed0704fedd02fc091009e2f207df12ddf9f2eb051bfefc24aaeb19f219e01509d701,
f6f8e60721ea16f7fb0e26e90d0421fa0703fbfc2bf2091409f6cd0805f70a15d1dc101d21030b1318d80811f7181c1319ef0b2b2bfe1afb0e110a04f925f0f719eb09c83e0907ffe400e606efe5e2061e1a1af805fc09cd1a0a1e021311d50aee00e3070de33301ecf018e61de2f9f0f6fe0ff90a2acddc1d040dd80d14f817,
ed03d81c18f6fbf3f30a3cf90b070502fa0bee0028fb0816f6f0d5ebfbf9f328dac81a1b1efb1e002add1e052830fe1104f4f62524f30f00180311fef53fffe5eef32bf43419eff30614f10deae3f4fb0a1e0d0efbf52ddd25101018151fbd0e0429d6f829df3af5fff407ec10eaf1f7f6f219f6020cfae505ff05de131ef301,
00f2eb2bff01f5f2f90427170af607fff024fbff38e40107e409e1fefcf2f622eed91814210228f923d42f0d1531ef1ce8f0f921230008ef25e731f3f53c01eef30233271523f0fe1524f60aecdb00fe00222900e6f22c0825080d041d0adf280b2de2ec2ae11dfc03e3fff90ff600ee09ea13070a0601e30ae900e20d1fdd00,
12f8131c0df808160806f704faf50705e51b000411f70519e10bf90300f0e616eee4092c12f433f801d725150e25f72b08ff06040c030af20de6260be71208f2f00a2531033adff31114fdfff1f003fdfe16260cece50a06fe0710f11a0bf716131df2ed17eb0a04f6dcf2f515e1e9060bfb080d01fef7f10003f9e70f09f510,
19fa32140af910211a0ce5ffecee22fbec19fcfa05f61314e10c021b07effa1ee1f2e81c19fc28f4eed7181f0b1ef1231c09130b070509f100eb0419f706f5f5f50a16330034e0050af402f4f7f0020707ff22fce4e702f7ed0f22f9231e01fd0814f10012ebf11ffbd0e4ee1af0e7100105100c1813f3120005e8f5050dfa06,
19fd2e0c060e0f3338fdc7faec032606f80a0904fb001915fd05fe0607f1ed02e1f4e20f0f031d07ee020a17071def19201b13ffe5030ff2dff1f31d0af4f9f9f318fa24fc29f400fcdbffcef610010602b6150af3e6e5f2e40d17e21b2e07f7f90bee01eeedfb20eceffafa2afcea1b002f050c1009e519fd14e1fff3040f12,
17f925ea0b1cf62329e3d1fdd8ef29f5ff101001061920011c10f91400fae2dbfe0cee1afdfe1bfed91cf40d06f9f312080809fff8fb150be3e7f406000016030218f815032af20100fa12d0fffc1a09019d0b1010f0ecffeb0112e001170cfafb12e404db11fb15fefae6f60900f2fe1d28010a0efff0fcfa18f005efea1a03,
0df119d7f421fb070edadd11caf126fcf8070c030b0c12ec1415f400f4ffe6d80d00f203f90101feed17f6fd18e7f5fceb01f7eef6fd160aefd100fe0f032d050402f61d0128000308f608e9ef01100201a80f190501e9feea010ceddbe90001fe04ee04d81df515000bea03f601f4f21214fe0215f201fdfc140a15dfee0de1,
07e715dde90effff08e2f50edaf1190503020ef80e17fcef1b25fdf6fb16ebeb0611f3fbfeff0cfde01103fe14f9fcfcf50b00ebe5040a0aedd002f71702231f101afb13fc260a0109fa19f5f0ff051007d307190302e3fedffe13f3e1d80dfefa04f2fadf13f118ec05f2000afbf0fe1407040003e6f2fdffff0815cee510f6,
0fe60ee5df04fc101bf50d1af6ee1f0af30610e20e15faff0d1a01f90301f0f0190ff30ffc070f07ef1313ec09f2f40beb04dffbe9fe0d06ffda0bf6170616160419fe1bfa41f611fffe16f9fd010418eee71a18fd00f316fdf70bf5e8b213f2f824f903dc13f00cf212e7d905e5ed060412070b0edffbf605000727cdebfdf4,
fcec02ddee0c0a03fff0f50bf0e716ffef0502f70711ed051112feeefb0cebdb1901e106f706f904f32700f505000d02e7f8dcf6e9fa10fc0aeefc010a07ec2e1403f2110a340a0913f61ffa05050215f400130e0b0df109edf70702ecb70ef0f21efb09e31aea15f3fde5e40de1ec000500ecec10ec04030209fb2ae3eaf700,
01e3f7cfdd0d04f200fff30cfdf525f9ff04f8f20312fe031dea05df0a1d01d61e12f90007faff1ce61909e210f51dfedaf1e20afd07110a00fef5fa1d09e02a1b1206f7144210120bdb190513ff031d070600120e0bf00b0cf7fb02ebd506eaee14e803e410f111fde9f2e600ec0a000208f6e414ed10f80100052be4edeaf3,
f5ddf6cbcdfa10f402fbfbf7f5f01405ff02eae7242314f905e1f2eb240e17e22409e7020404fb0aeb0806d01fe62007b903d81903ff11fe06f6e8e6031fe10bf81102ef1322f50b1ad80a0013fdf40bfe10ff320709fc2405f2001debe8f4e2e21301000723030e08f3f4d8fbeefa1af4110de81fd51300f9ff042ff5f0f7ef,
0bf9f8e7f7cd2b100c0d00d608cb4b00fadfdef0271329ecc0d700e52bda2ed0cef8d8091e003200fff325f01e082c46e90ace392dfe2cc727d9d6d0e438ebd9ff1302f83239f2e811d7e4122ae2f2e8e71e0c33eeff17081dd82f2ee8d506f6de0efeff23020cfa02050ed509d6e926cb2034d624cb130cfcfdf2191df41bcc,
ecfaf903e5f323333d1d0ae529db3204fce6daff1e2212ecd5dff0d727cf29e2c7dde326f2ff241523ed2aec2001143c0425d8281af732cf0ee9f1dadb26e2e8cd1ce8e52441d1fd1dd9d81919f5d1ec003cfd1bf9e02124fdf11b22ddea03d9dee8211736d615eb02160ae622efc825f03529da36d30a19d30bce1d20240ced,
f90e0600e0f720121d14fcf729ee2d08f7fae21017171de4f4ed04e727e314fdf4e3fe16f204092616ef27ec1603241a1a24ee281bfb1ef12306f1e8e418fee7dd1bf5ed2418df0c23e7f3292205dcf9fa26f32408de1d09e7050f19f708f9e5d9ef001c19e90de5eb2300f9000ef52af81a0ce31af3ed1de012e41f1e1310e1,
fc09f802fbfef7fe0406000a0003f90604fbf9f808010801f9f803fb0507fb02000007010609fef90400fbfbfef9fcf80105ff02faf501f805fffdfefb0a08fcfe07000507fdf9fefcfafd0306fc0500f6fd01ff02fd07070905fefcfbf6fdf9010401f60606fbfa0609fb040901fb020905f6f70701faf701fe080209ff03fc,
010df6f0ec00eef7f2f5ff01f411f000f40b09f5fc0e03fc110bf5fc0dffebfd01f8040ef2fb0009000e05f30ff0f802f610f3eb120afd06ed0b0bf612ff150ffceaff000ff616f814f80ef9e50c13f811fdfc0b10f811fdec10fbeaff16f602fe060a00ebfd0afc0701fe12f711f3f20ee9edf7130c1206f308ed0df1f20d03,
fdfe08fce909e9fcf6ea0613ed0b04f6e216fb08f01e00e80101f0ed0b0ff4fb01edf50ef604fa19071411f4110e0102f21fef0dfef81401ebf90efd0e15ff0cf2fcf80c0a14fcf817f824f8ed02010410fa0a1a09e90815eff9f9eaf7f0dcfcf119ed16f907150903fae2ff07eefefa19f7f40422061b10fb00eb09ede40f0b,
ec13f2eaf51405f2f8ead10aeb1b10fdf411f0eadf2924ee1cf1dbe70feeeedc0bede121e503f4160bf709e121fb1df1f012ef0c1c093415e81404d80c1d1b09f4dce6f11e2502f615fbfff3f30af50113f0f5292ce91811ea10d8f1e306d2ddf910dd1ff7e12cfa322108fdfb04ebe1140300f42cf61a0deb12dff014f81ffe,
ec151ce3e7f915ff0ae2ddf8000c0403faf8effdec0613db02fff7ed0bfcf5dfe9fef01ae6fef713120ee4d517fc09f0f020e600fdfe3c00e60f01e60e122707e90be9ff002fef0d0d02f108fe1fe60e13f0ec1f0fe20920cf12e4f3f309f7d60504eb1df3f013030022f80ef507f8da1028fc003be30326d61fd0dd10e805f0,
e4090ec0f6ea250a10c8df0508e7180000ebf400060a18dfe2fb08e70e07fcdbfbf1e508f807f50700f2e2de0c001201df10f2fd00021ff4f005d70512071c120616fefef322f010f5fee6070014fcfe0de5ef0af0000b01defaeafc261700cc0000f116f61110fbf8100611f42801de0413ee131ad4f301e911ecce00f6f7e2,
00ea1dc509cf2f1b10c3da0704d81b0307e8f3f518000de5e4fffdef030af1d4f8e9f3fdfe00fe07f7eae2e6fe051009e706fdfff6f91600eb16cd0d030b0302110b09fd0632f006f4fbec02f30a050414ea04ece501fffcf0f6fd06171f02cdfb10f1f9ff0afc11ebf601140d2409bcf919f81118d7e50cf700f9cc0a0bfbe9,
fbfb1ddeffbb171d1cb8f50b0cbf10feece10af109e709e0db0bfe10f302e6dceceff1fd02f80806ebe7e007fc0dfc1af207f803f10800f60813d51fef05f9031518fe031128f60de9eb0002ec0e0a1216e520e5d80008e9fa0a05e703f710f4fa02ef00ec0ff910d0e2f40d0d0b04c4f303f6010ee4c80cf2f001e3fd00daee,
e7051efe06c50c0a22b204f70fb40efafdd512ff15e205f0e60700200514f3f3e5fafbf0fc061a0405fbf118ec0af0171112090b00f700df100fd417f917d4fa0d0bfcfd14270c06e9ecf617e4f409010e0028dec0fe07e3fcff12e7fdc71210fc00fe1204150713ceddf0fa0a070ef2eb02fb0a0af4b918f6f50ee9010cd7fb,
e900140718b9180a1cde0ef427bc14f6ffbe17ff25e4faeff31105100c0b0ef3e9f91ce102f6181003f7ee1ee704f91114060f0e000301ed1a1ccc27e216cee81b0005ea1c0f1500ecd6f91af8edff02181714d6ce10fad402f819f908c62119fcf4f3fb04190802c6d8fff417f0130fdd0dfc04f4fda807f8ec1fdf0707e2f4,
de11f2fe12c8150c010917df13d926fc10bb161817e3f9ebf506032412f810f1ecf00cd30a0828ff0002e328d7f1012315fa0f1a1207f4ed1f19cf10f108d3e917f508d2300026ebd7d5fd12f5effee6012125cfda20ffdc15e81b1109e1131d02f4fe0bfd1e0ffcd1f5f8f50bed0f1dda0312fef4018df604e914f20906d1f0,
f0f8e3061acf0a04fe261dd90bce24ff06cd0a171ae1fbf30002f6120bfc0b05d8f31fe213041901f8000015df00081627ee0c151002e9f40e15dc11ef17eaf30cfc07c0390913f8ceeb000cebf2e9fbfd131ee6f20cf8d60f00281010ddf614edf3ed000e170e08c1f208f008effb13db0715f9fe0896e51ff51ce11315e6f8,
fb06d2130dcd0808fe2740ec0ac90ff7f7d4f6101dd5130a01f5d4f80000f80dd1c2070718fd060015f01411041f0b1e16ee0a2613fff4ee1f04f006e615ebdefdf809d339f90bfdedf9ef07ecf3d9f5fb1c1de0f2ee0dd6180a0efd10f7db1ae801de030d022efce6e5f9f116e6f713f2010e00f70ebaf318fe11e61915f400,
13f3d723fbd805f7f82944f10bdc09fed6f303f324da0f13e8f4eefc06fbed13d3bc131125fb0ff92edf24170e2ee820feeafa2122f303fa18e40dfde32602cee60a20112405e5fb090e080af1e9f5ffef2920f8d9dc1ef1121709001807e5180415dd0c1ced1afcfee1eeec0df3f708eff60002fdf3e8e813ef03e20a1ef0fd,
1be8f81ffded0713ff19000af7f20d02db0503f730ddfb00e407f00f05f7e926e4dc16181e0432ed20dc231a0c26ec1aeaf1fd0d06000aea14d3210ae91412dadf0a343f0f16dd0e0f241000ffcf0700e5341af7cdd80c14190318fa270dea12241af1021ffd0cfcfad9dc091efef403f8f5001110ecf7e600e3f5ec0f1ad800,
1dfa2c17ff0112191108b408ef030b07f108fcf816f30200ed10fc1902e6e413d8faf219180233f40bed1109fd1ef02401010001f5fc0fe902de0f08e00e05efec111f33e62ded030210f6f5f9f30e02ee0f23f7e8e0011bfd0717ec24220106110fea0013fcfc0809d1f4fd2104ea030818000910ebf7fffdf9f4ec0313e609,
0cf92ef916f4061c2310a0ffecf226f7f515f90007001408e90b0207fff8ef00d9f5e1060c0020060dfe04100420f9290b120601f3f713fbf8fc0711f5fef2f9fc0404180730e90103f40ee4fb06070609d41bf7f3ddf609edfb16f01d3105f9ff0be2010a030d09fad0f5090ff0ed0c001310101f02f505010deff70efa0309,
1df42bf00f0e001f2df5b303df002708040609ff0211210cff02f8080008f8e9e108e90bfff30e01f816f5fa140c0a200d060a0cfd021205f0f8ee171304fffe0e12f01dfb24f20cfcebf9cdfc1001040da30f0f0af8ec06f4f619f3093b0d01f702e017ec090618f8f9f10200feee000825fe0e1e0bf0090b16f500f6f81702,
08eb2ed30a0afd161aecbffdd2011a04fdfcfd0700041cfc100f0000fef1fce0f30aeafe08081701f01ef0f90cf10003fb0711fce6001e06f1dce705090513060200fd13ff2eff010cf502d7060d0dff00b60f1a15f8e700eef817ebf92200fc0002e511e110021c0a0ff3fbfd03f7f3121a00140d00010205050906f2fa0af6,
0cf819d1fa1bfd0a04e9df02d5f71008010208f8071914ee1116f8ff03fce4d3060ce20000fa0003f00ef6f41ae9060ff7000005ed021e14f6e6faea1b0e1c0b12f8ee0b011a02f807f7fff601071106facb03120ffdf9fcf6ff09f8d3d5f90af213f805e212fa21fe08f3f3fff9f3df08120310100211f8fcff020de2f104e7,
fde201ebf30ef508fae6f512dfeb0e00fef30cf4fb0400f81d04f2fbea0beee30410eef808f9fbf9e214fff203f6030bf4f70000eff71319fddafff1090d1a060309fe04ef29fffefffb0f00ff00130709f40b0d0710e90cfcee0beef8c4fff40311eaf6de11e8110c02fff309f1fef3040c0e1412f800f00bfa1019e7fbfff1,
faf3f8e9f316f9fe0dea031fe8f90efff70cf1dcff0ef3001807eef5020af6ec1bffef040106100be31712f306f6ff05ea01e8fff7fd1d0bfede0cf20c06f41b10fff610063008010cf616fdf3fc010bfd0120190105f215f9fb1afeeca0f7f2f013f2f1f009e1180ffef3cf09ceecf00a0404fc05f404fc03e90016e70406f5,
01f4eae5dffdf903fbedfa0cece61cfefe0af1eaf807fced0ee507e7f90defd91cfff00801fafe0cf41c18e104f61910eb0adcfe07fe070007f1f4f8090ddc0b0b15f3f8072d03fd1deb17fb00000011f612170a0f12f602fdfa0e0de8c601f9e310eef6e626eeff05f0edd705dcf000080202ea00f60afc05fa0130f100f7f9,
04eeede2e000fafd03feff08f1f00904f8faf5e8020dfb000cdafdf1fd1302d11907e5070cf70606ed0500e30fe91cfddcf1e105fd050e000004efef1819db020008fdfe08280afc11df06f71201041103040c0600f8ff15fff3fefeecd701eaeb1af5e3ef15f8ff0ae706e5f6da0706f7f6f1fc0dfb08f200e9ff27f6eaf6f5,
0ee2f3e0deef0cff0616090105ea120006eae1f01bfaff0ef4d7f7e50a111acc100afd0e0a080ff4f80008e815f5190cd6f7deff04f707ef1206d1fcfd0ee2eafe170d031612ef050fe600131a00ec18011cf01c00ff010c10eafc14e0d607e1e012f7f90f140bf510e808eb08ddfd03e7ff07fa12d403f1f9e8ff0cfefd0de2,
190b01ffc1dc2a25151425d320dc35f9fadaf20c4f022bdedae51ad638cb30ddcef2db0018fe2ee90ce930ea22fe132df00ecc0c0a001ac927e5c0dedc1ae3d5d81112012731e3e21bd5da212defd0e6cf2d0c2febf6142116ed342bd7ec22e4d6e725101cfb13fcf025f6f304efdd2edf1720ee09bced09ed0ce821150a2acf,
fe050118d7ff2d20271d13ed17dc1ff8e4ffdaf3280415f2f4ebfce41ede1de7d9f2f522ed0012001bde21e9150f0b25fc1cec170a072aec12e9f8ecd90ff8e4dd21f1f2202fd6ff1ee6ea2513f1ddeded34f61504e1201e05f80917e7f8fbd3e7e7210b17e71debf61ef6f11907dc32ed2317f41de5f022e30ddd181e1b13e4,
d90cec06e7ff2515061af8eb1df51a05f4fcf3fe190610ebf5e000e619f615fc02e7f304f20303160beb18e116021b010016dc1517f812f31301f3ebf308e0e6fd1b00e11103ff021beee8151106e0fb0c13f01b15e30ffe080cf70df805fee7e7e5051c17f414e31a0d0903ed17051fea1414dd00f8fe14e515ef171d1c14e3,
060fe30b05fc101afb0609ecfbfdf400ff001107fcf711160818130001f5f701070907f1ea06faf506fb1afc0debf5fdef0c05ef00fcf9011412ecf4e9f5e5f7f811050ef7f807ef15ede50b0317feecf607fdf503fa000902fbf200f7f00de5f5f202f2fdea000306f60017081c0e11fa1b0c11ea07e40dfc1301070f0b1111,
060f00f2f20c01fdf9fc1107fc11f0f7f30112fbfa0600f71006f3ff01e3f6fc00f5040bfb09ff0610f311fe03f5fcf20314f3061a070c04000716ef0a030004ebf505fd0df705f402f1fef2ed0509f40901f70f11020c09fe04fef2090104eefe10090df5f8010007fdfe09f500faf30ff0fffb0a040d05f70ffb02f4fefc02,
fb0e1611e619d8f1f6ffe406dd0becf8d91d0c08ea11faf8130eeee0ff01f00218f2f219f3ffec0f121623fc22fef1eef00906f200f82212daeb20f313f60908eafffc1300ff12071ffd1be4f10f1f040ef7f31f06e20c1dec06f0eff600e0ffe708ef09e605181013f3df150e0006fb12fcf32222050a12f10fe80bf5e41019,
f12200e5ec32fdf6f8e3e006de18f8f5df1cdff4f32123f01f03c5ef0cfcdee605ecdc1feb020319160414e036fd0ef6e321df0e0d093a17ebf203d520132222ead5f5071a2402f21d0510e6fb0f040010fffe3022db1108dc06dcf1f5e5c4dd051aee11fddb39132810f70ef403ecd01602fbe529fc3309e91ee8040cf52308,
ee0c1ad1e20f1b04ffdbdef70601160000f4d8e4f30b27de03fde7f70405f4d3eaf8d90ceafd0b1a1f15f9c313ff16f4e51fd706080035feeefcf3e813131f0f020cf100fe29e9120607ebf6fb07e2041100ff1b19e81b0ee206e1fafa05e9d206fcf10801e91907160d0c07e20aebda12230b002adb1d23e814e2ea03f81be4,
f0f918befdf12b0208d7c5fe00f10dfa04e8f1f212fb1df1ebe7f8f70708fac9fbf2f0fe0601f31611ebeecf130c1ff8e103f800070a250ddd09e5f615171604030c01f50730e718ff10e5f2ff05042014dbeb160de91304f00be3f71224f7d00d08f70e08f70af901f8100cf70bffcc100df4051cea080bf606f2e603f216f2,
01f913cc15d7271712cdc607feed100005eae8f80bfa1ff6f1e6faf5f114f5d2fdf3f4010205e31bf9d1e5d818fe1801ecf9050503f81915e90cd5001c0208f8140004ea0526f30600fae8f6f60e0c0f29d3f2fbf2fe06ebfbfaecfc1b24f4cbfa00e9f803f30e0702fc2316e211f9bf0d0e0f09ffe30402070bfdd3120902f0,
f90006e00bbf281120d0f7070cc417f8f8e2f7ef16ee16e6d8eafd06000108dfe8f600ef0af6f81801dddefafeff12170401f114fffa03ff0011d90f051afc00191cfffa1027f801fdfee911ec0503090be502eee6f907e600f910040c140fe7fefefc020d041002e7eb0d0fec0e13cbf60b0bfd05dee518ecfb00d60015fff0,
e30700ed0bbe120520d900f514aa0ff605c40a032adef9dbd7eb0801051d06e0f7f201e2f5fef70300e4dc02fdfb060e080204160006fde8ff27d60cf80bd7f71c0e03e11b1d04ffedeafe18ea0100070e040adbcffd01f1010003f302ff1803f20003fe07180cfad8e4090afa0916f8f00ffa00fae5dd0cf8fa17e2f704f4f2,
e80dea0311c40aff0c0416f421a914f5f1b10f0d17eb04e6daec130cfa0d01e3e9f21adefe00051400e9e90adbe807fd0e050a17fdfffef11822c809f610e2f22301f1bf140a17ffe9e9f81becf1040001170ad9dd05ffe502f619f501e0110bfffbff0506190b01caf40205f808180be4fd060900e8be06fcfc12e40001f3ed,
db04e00218b20df4fe2017f015a3270206b30d201de70ae8f4ed1201070e0aeadded1ac20bfd020403ece719ebe3000314f3110e0006eeed091bcb14f308e6f32bfe05af1cf420e7ded3f30afeffedf9011711d7e82300e104e80e1212dc1118e5f2f40b101611edc1f10bfbe4f31426daf30afefceda6fc0bfd1be21712f7f4,
e7fcd20a0caf11fbf5353ee911a814f7fcad192913e307f8f4f30207060301fdd8db13c91cfe0d05fde6eb0fe8f4131a19e9ff1c0904e9f20ff9d607f307f4f0170002c014e716eaeef4fe08f6f3dff2f20e10d5d50ff9ce12081e0919fd0113d4f6f8fd091d18f3bde4f2fceffd0021e1f80d0afcebaff01f0b1ee81109eeeb,
03e7c80a06b1fc04ff3852ed10a518fed7c0fc0621e115efe5e2e6ef0805080be1b717c736fc0efb08c4fa11f0f90c1dfcf6001f11f5f4e219f3e6fce215fdd9fafc19ef20fdf7fde3f9f80ef4eee8fbec1209e5d0f904d823151b133000f518ed0af0fe191012f4d9f2fbeeebf1f808dcf4211bf1eccaf019f40ed3fd03f5f5,
22f2dd0afedd0d16f91e41f500cd09feddec07eb2dee0805dafafcf605f9f01be2b41eee1df815f417ba190f0a14f913edf4f8140d030df314ddfd00dd1208cfec08341b0f04ec000911141a03e9f703e62212efd6e109020b0f1efb2613f6120e0fe405220c1503eeebe2f80300f802f3fc0b0e02f5edf710f5f8d61516e9e9,
1af40119fdfd1219f41dd2fdebed15fbee04f5f81cf7f8f2d40dfb180efae91bd9d602f70df42af01fd713170a07e71bf3fdfcf501fff9dd0dd70905e10510efeb002f3bf410e204000f100af9f2160bdd1f13fdd8e9011bf9130c042d21fd0b270beb010f01090400dcee0b0410ef0dfb0f031406d70900f7e3fbe6131df2eb,
140027f4f40f130a020b9404f3f91afb0006fafb110313f2ed0bf71410f4e9faecf9f00209f92bf00fe2000a0501f01bfe00f9fd06fa00e2f5fbf902ecfe01eff5ff202df814f3060214fee40701050bed04110eece5fa1dfa0d0af41e2dfcff100fea0e09ff01fa02e2ed110e06f6fafb22040a0de4fd05ed00ebfa041afdee,
00fc19e9fe0aef060e049504f90239060d14f901181116f0f004ef0a13f8f5d7de0fe5fc14fd150c070a000210040d1c001307180c001cf2faf302fe10160202020efa120339fdf108f711d7ff0c0604fbc514100deb040500ff1bfb123502000016ed0ef31a0c0e0af8f006fd00f8ef121503060cff09070619ff090cfe05fe,
0bfb1de7060af70d1600bcfee8002cfb10020509031218fe070c000e0a00f6d0e917de01fa0603000e1febec1ef6081af902fa1900031000f6f6e9f50e1212000fff0001082500f400f702e3021616ffffcc130f15020d090adf0e02033300070813fb12f817fd0907040201e40ef5ff071400ff08061504fb16f81003f412f1,
f9f510d4fb0ff40e12efcefbdb0524fcfa0a0905080912ed10fd01ff05fff3d50119e7f208f50b05081aeef024ec0f06f902fe07ff001c0500edfaeb09081e0c0cf7fa04031a0c01000406edfdfd1102f7df0e120602050700fb00fbe305ff03fa06f010f3170011001cf0f8f8fe03f00104000205011300000ff70ffbf012f1,
f70308dfff050b00f4dce917e30b16f7040005edec130af60ffa03fdf9faefc41017e1ff06f8f8fefb0ff8f214f7090dfef60610fef71610ffeafbf71314090efbf20301f90607030ff8f008f90b10f90eddfd2526ffff0ff7f6f7f4e8c30801f60ffe11ee170a131a0700f1eeffede7070400100d0d14fafffeff07f1f100f0,
01eff2f2fe0c0703f2eedb0fe0010405fb00f7e5fa0b040112f7f6ebf305e7e41517edf10ef9fa02f013fe021301031603f5f8fd00fe0819f3db03030611f70efbfc06f3ff1bfd0212030402edf3160806050b0b1affff0afcf7fd04ec93f8f3010dfa00f30ff113210104f6fce4ecf30c050716fd0011f4fee6090aeff5f6ee,
03f7f3e6f01d0af905f1ec1df2fe14fcf702fcd0f00afef114f605f7f701efd62311d80007fcfa09f71bfae50efe0215f6f0e3070d06070bfae403e71810e31a08f2fefdf512fb0813f00e15f6fe01030823050e1300052004020800d69802e8f41dee03f01cfa051a1208dbf9c7e7f40af5ff0608fa0e00faeafc20f5f70afd,
f0feeae5e50a1a06fcfad714faf00ef9fb01e2f1f603ecf918dcf1dff60cffc52502d9fefcf5f60ffc0e01e50dfb1e00fffcda100dfe02fd0afaf7e60f17c51300f9eff803140d030dce00140003f801fb240a070b10070b01f7f90cecbe10e8df0ffb02ff05f8060df60ecd00d5f4f104f2fde8fef50b08f2eefc2ffc02f2f3,
eefed9e6edf10c02040a070006e10600fee9daec0f0903f600d7ededfa080ac20cfedff311f9f514f4f505cc05ec2714db03cd171c030af70505dce71923c2f70d0901e31315f4fe16c60b1308f3ed0c0f22000c0007140921eb0011e5ce00eede15f5ed120cfbfb1ae419dbf3cffdeef0f20addffe60b00f1ec0426faf0f6e3,
0b05efcff2df1315f70cfcf81bf41a040dc8d7e222f507f6f1cbe6ea0c0722c2faf5f2f322050af90f0a00d20bf82d1ec8f9c81816ff14df0404b5defc16d0dcfefa24e01b1ae8fd0ddae21819f9dafc052d032513f9201021fd0123f3e000d4d901faf31a0a08ff21f91ee000dffdfed3022bdc06da17fef3e7f510190a11ce,
0924eedfcbeb2524061212d71bec2c0315c8e3ff4e1029dce6d511d846c821dddcfdecf00dfd34f1060b17e01bf6113ff30bc5162a041db836f9cacbe234f8cfe10b15f22d1ce6ea15edd8352bf1e2cbd734092a05041c2110e91f2fdff624ede9e50e3621fb0de5122dfaf700f9e414d51c32c60dc60816f2f5eb1a2a2226c7,
0e18f109d703111918261df106fc0308e600ea0e38f6110f07ed08ea31dc1208deea030ff00811ec18f12ae9270f070ff615ed000bf60afb08f406efea0a07dfe10605f71303dcf611f8e82a2d00e9f6f5290318fdde1627f104f809ee0301f9f2e71b1b0bf907f4002df7000f11f62f011e00070fdd0208f000e6151c1620fc,
f61afe05f906040a091b040110020b02e7ffebfc110b0906f3eee5f918f10c00f5e408040105110709f704fe08fbf711f510f41306f80def180405e6eb130deef3fb0e0f0412edf90e03ff0912f1f7fbf31dfb1507f41215010800060ff6f9fa00f80a1d17f209f9070c04ff1406f6110e0b0ae912f30e11f1ede411180f0700,
f613020cfdfbff00fa000bfd1004f10006f9fdfbfc07fdfd02f8f302f5f4f80ff7fb0af5fafc03fa12fef209f806f500f8f9ec0a07fa00f6061000f6fe0f05fa08fb0e01fbf20c01f60afc0b02f70bf3f800f5f3f7080d0109fefffd0d0af61008080306160503f602fffa00040002effe030800fa0113fff1ecf0060713fdea,
0a08fe07dd1afc11070efc0a0d0e0900f60c1c090117fd01100915eefa1a14f1111022e7e904e5fb0aea16e40fe6f4e5e80debece100f90a0f00f9f101fcecf700220c1cffe6fc1211efff110a1efb13f0fcdc0e0500fa18edeeeb00fff41cffeef50d14eafd00efeb0200200422121c211efd1d05ecf218e713f316f7f00d05,
fa0501fef814f7fb00fc1106f20bf9fe01120a0af21408091311f5f1fd11fa0b0f10fc0cf30af1fb02030bef08f507fbe0f9fceff0060010eef310ff11f90307ff0d1103f4f5fd05fd0afff7000a170afcfdf61905feef1afd03fefffc07fa01f007ecfbfafcfe100107f518fb1c10f613ff0c1c0d0c0ef709fe0207fbe81d07,
ef1506e0e82cf0ecf2d4fe10d7240109e40ee9e6fe1a0ce11a0dc9f502ffe3e20df8d922e9f90015071a0de11d050ff1e713e1f506fa2911d6f216f1180c1f21f9f1ed080b2406f20d0202fa00140f001902112b20f60f00e804edeb0cf7c7e8fb24f71bf2e71c19240ee0000100f1d82afce9f21c042f0df409f4f8f5f02f0c,
e8f726cdf714000805e1f202040c1afc0af6e4e804111af00dfae30112fafed2f1fad619f8ff000c2118f1d40ffa0e05e013e10602092d0fe4fceeec1b111403f310f4000d29f5051100e7000e00ee120f0902280feb100ae004e40aff00eedd0401fa0ceddc1d0c1007ff07e40aedd310120b0014fd2b11e805eaedfef425f6,
f7090ab808fd1d090fd9c3f90bf6150614fdf2e9f9071beefce3e7f9f61400d0f7eddb00f0fef81417f7dfe322ff2701d909f00306ff2e11ee04f9fc220f15000e11f6f5010be9180503e6f2011c021223e3fc0f11dd1efdf810e700060bf0de0302ee0403f90f0314051700e80ef0ac090ff6060df82516ee1ff5f104f418fd,
eefd03dc15fc0bfd07dedf0609ea060601e3fbed170114f0f3dafaf2eb18ffd5f0eff4f4fbf4e51905dce6dd16051803f903fd150cfc1415f21bf6f814131d031305faed0808eb0d0ff8eaf3f40c060e25d90113f6ea0bee110af100082d00d30409fa0b03ee1e040b0610fcce0b0da90bfa0efa09ec1919030507e20d021af5,
e203f4f502e1171528fdf40016e70b0002e9ec001df61ce7e6d9f4f7f50302d8ecfcfee8ed00f01019e0f0ee04f719fdf204fb2008f90ef90115e804091406f5061bfaf2070dfa0403f8e301f30608031cfdf500f6f214ed0b18f40c080e01e1ef06fc09130612ecfc021303cb1109d1f7fa03f703de0018ec0001e013160cf4,
e1fdf6f708f00f121cfe01001dc8190915d0f0f61bf805ece0d00eec040a13e4010100e802f5ed0a1a08e5ee08e31100f400fc0b0dfb040d0729dc000216edfd1813e9ca0306fefcfaf4e80a07fa09080bf4f8f4e80208ff0b11010b09150af4f8f4010c140f10eefe04140cdf1613fcf003f800fadaf910050415e6fc0510de,
dffcd4f5fdd20ef4072412fd0fcd1d0005cc060d24f616e4e4dd0cf7000718dc00eb19d6fbf3dc110b04e7f600d717fff30af71415f8f504151ecffbfe0ee907270bfcbd180400f908fbf91b0902f0fcf915f3fce91001e81e000c090cf80507e8f5fd07130d0ff3fe070cf8d0041c10eaef0f05ffd5000210f411eb0cfa02e2,
e705c508fecf11fb013316f013b91e03f5c80d1e1b090cd5e1de0af60f080fe6f3f61bc908fffc0bfceefdedf7d62106fe0af11f190af6ea1a1fd0f40205eefd270106be14fa12e8f3eafe090702ddf6f61ef9e0ea1d0ee21afc0e1b12f10e23de03fc1907280cfbf2f600f7ca021426efee0cebfadee4040b0029fa07f708dd,
fbeabfeef4bf0d03ed243fef0dab24fdf5bd0d13231412d3d8df0402100a18eaf2f312c91a000803fefaf2faffc51c0ffc05f91016fee9ed0500dff7090403ff130014d716fbfce3eee6fd1d11fae2f8e613f9e2e60efad91916171c28051b20e5f9fe1bf72107fbe814eee2c1050d28ef0013eefce1ebfd150a29e706faffd4,
18e5c105eac30c0af53a48f410c118f7e7c30c01190511e3dfe910f111001efe04dd1cbb1ff402fb0cd9ecf700d21f05ee0bf90e16f8f1f217e9def7f3fe0bed1000230109ebec00ebf704241006e1f7ea1d04fcdd02fde01b111a1f29120720fa04f81efa2c03f7e80ee6fddc040517eafa13fcecddf7fb0d0021e9fef102dc,
14f3ee03ebf8060eef1f1cff04f719fbf0e100f72b1317f7d8fbf70c1cf2fe00f1cb09d5120300e80fb70b0004ec0614fa0df30c07ff07f40ae6e7fff3070fd8f40425210203e10205f9fd260800fb07e41cfdf9e2020b0416100b202611ff100b04041017170bf0f5f8f100f6150115ef09180bf7d60b0606f408f811100bd9,
1ff90a09e715fd10fc23a7ffee0917fdf10c04fe281509f4de07f51d0bf9f612f2fef8ec0ef90bfb1bc8f70903f4000cff04f6fa0af6ffe40ee6f7f5fa081cf2000f1a36f10edc04fc0a03fd1603060ae410090aeff20722020c0a041f12050d2008030a001508fdfdfcea12f811fb10030f110005d40a04fff4f5f9040616e8,
08f41e00fe0dfb05041380f7f1012efe0803f6f91c210ae7e5f9f60f13fbf6eff31eeff507f608f91cf000000df501130106ed0709f80ef205f60af6fa11190dfbf40f1a0d17e6ff0a0417f202fe13f8e9fc121c000511260f040f0d181beafe110af8170319f8f703f6f5080310f105080701fc02ed1307fe02fd00000d06f1,
ec0806f2f511eef913ff86fffa0a1bfb0000fdf3101908f0f8fef20407f505e9ef1be6ee09f30a021b0ff3f90e03040e01fef81e1b020ff6ff0508f20d19160e0aec05120a17fcecfa0811e50cfd06fb01eb17170a001b220af713030b28ecfd1107ee20071d0109081afdfff000f1f5000000e709072e0df50a020801040ff5,
e70f15ec0208fffb0ef8c0f3f60915f4100dfa0afe1c06f301fdf90001edffd2ff0edffb06fd0c09131eebeb1cf21b11ff03f50f1c041a020c10f2f1ff15220e16edf50319190dec0a0d08fe0a001000ffec0a141011110317ee0417e90f010b0407072502030e11101a00fee2fdf9ef0efafcf6120d230f0705021200f310fb,
f20002e30018fef103fbd604fd111e040dfcf1e9f30603f203e9eaf7fc0000ce0814f6f40005fd000d11e1fb19f60e09ecf5f60f17f71809fdf9f4ed0e1a20060ceb04f3111307f50705031009fc0af508ec0f0c17070e080bf50017f601e9fff90df91ffb14fa0c231dffedefecf8e50af309fa020c2bfefe0003f90b010ae9,
f40100e6020c00ff00f3cd0bfa0310fd10fa03e7ed060cf018f1fffd0301f0cc0d0af0f9fdf902f60a1fea020df7090103fafd121503ff1006ee04f5080d010a0ceb05ecf7fa15f40fff0919f9ff27f7ff060014241813040afcfe07dfb9fc040002fe0ffd010511220a0df4f2e7faf900020b05fc061aff00f2fafd0af605fb,
eefae7eb02070d02f7e8df1bff0b11010bfbf7e2fd0df5f31af6f1f8fafa02cc1812e1f80b00fc05050ffbf80bfd0d10fdf8f61a0200fe09fffbfa001106e01707e608e5fafc02ec03f5fb1ced030afe0e1200041a1e100710f1ff05ce870904000608f30704fa0e170dfee1dccdfbf2f70012fdfa071df2fbf605f9ffeb01fb,
eefbecf1fbff07fcf8e7d313f3ff0df6fb03e9e2fd10f8ec11e3e7ea0102f7ce230fd7f91504f207f6fff6ef03f11209fef2d8121aff0e00fcfcfaf01513d1130dfa05d10bef12f505d50320ffee0107070d13141e1106130e02f81ad99000f5f7260300020afe0b211213c9d7d4f6e8faf103f6fd0d22f000ee030bf7f402f9,
f804d2f0070212f7ffeee2f60df51208feefd3eaf70cfdfa06bff1e7070412bb1303dcf40508041301e2fed10bfe3302f5f3e21e1d0810061c0dfce30b0ecdf5170706d110eb0df010d9001a01f6fa001417050e09190efa1b040219d9b4fbe8e51c0efb0f02f6fc1cf916cadfd0f3f2e7fb0cdafa0513f9fbeaf81b10f7f0e4,
fc0ce5e106fe3101fafee9fc06ff160910e8c2e01411fdfaefbadbe6040c10bf12f2e7fb1205071503f400d8fbef301beaf3cd2333f718091c16e7f00324dff8100002c70cf9f7fa12dcfb0a07f2e8f9142502fb080e17ff310bf831e8c7f4e0ed0f06ed14fe090117e226d5f8dbfbf0d5ec19e005fb1400faeb07151afcf5e6,
ff07eae6ebe42f06f117fded01f6080916c4d4e8250006fff6d1e7e40bfb1fc3f703f0ef1df912ef2008f0d1feec1712dbe9db13170715f40808baebf20eebf9fcfd2bd5010ede050ddcef1e0eececebf721f615160d050c1df6f226f3ddf8ddece902051eff0d0127022ae600f2fbf9bf0028d8fcd519fff5f1f201061307db,
f921f2f8d5e4311f0e280bd91dfb240701dfe1e34f0216e7d9e107d636d11ae8d1fafdf1fffa28ea302717cc24f50823f60cc41a2dfd21c12000d6d0e829fedae6fd1fea1e16d7e10efaf43518dde9c9dc3ffb2f0a00212d13ec0d32f8f70cdcdfdb23262fed19e60e1600ef14f4ef13e7192cd600d21608def9d125293726c4,
fa0d16f8eaf717251b1912e415e728fcf2e7e3001f1419eceaeeeee320db16f4e8f7f11306001ff41ee316e5151a0e1e0421e41716fd28e01de7ebd6e923faecd30c0af51823d6ec1beeef2719e5e3f1f436002802d82d21f5ef1e2ffa0c1ceaf2e5142b2add10e3fc2cef021107e22eeb2109f213eff71ae511dc1a2d2219e0,
f20e0405f40508040c05040701fe070006fd00ff16fcf800eff0000d02fafc10fffe0fee01fa07fb0900030712f0f018f40100fb0fff04f9030007f7f60206f5eff906041101ecfa10070d1306f5fcf2000efa03fc0302010902f4150df400fdfeef0d0b12ef0d000212fe0f02020908fc05060008f607fff6f8f4001212f8ef,
fdf80601fe08f602f8f503f80209f60706fafcf60508f9faf7fe03fc0906000a0806050400f9fbfaf70afff9fef5ff0705fdf8ff00fdf8f60008f903f7080a07fc0a0807fdfcfa03fcfbfcf6fff90afbf7fef706f70a0bffff020708fa08fcfd0903fb00f6fbfe08070804fef5f702fc01fe05f9fc070709ff05090000fa06fd,
f7180aece70aef0510f3021005000dfff80d12fbe516000206ee0911e41300f80af20ef9ff00f61d030413f3fceb0aeaf91901f2f905fc04fa15010504f70d020c110207f0e41b1104f00d0202170d0e11f9e3fe08f7ebf4f80908ff1513000af4fe0d0cf90e0001fdeef912ed13090a1b01f30902f7fd11fcf413ffeaeb0918,
fbf6fdeefb04f8fa00f9ef00fc1012fa0406f102030f03f10605eef5fdfd04ff000bfb09020a02ff0dfd0a01fef70701ec07f10cfbff0e00e6f8f8eb0cfc04fb0d081206f905fb07f800f9fb07fc000f11f4fd2801fb08ff0608fe0dfb00f6fafe06f6feedf109170b1300fdf00200f8f902031102051b12f809fa00fbf31cfd,
f006ffd5d62cf5f800e8f900e62c21f9ee1ad0e306231bd50c04e5f421f4ecdff6f2ce25f7080f14180d1bd520fa17efe029e01713082c03ebf317df161f0f06fbf5ee01072b00f71203f8ff1103f9ed17090e3429f51800df06f705fdfdd7dce5000f17ece421132820e2fef4f9e8e8080fffe026032819000af2ed07f832f8,
f50b02cfe30f020a15d4f8f2000e2404060edce706001cde0bf1eeed17e6edd1fbffc617f1f30a151f0a00d80efd20f9e51ee21906042400ecf90ee41d0b0503f4fdfbf51018f3fe04f9d6f71501f5020e060d1a19f10f08e902f60df9f3fbdf01f7091bfdf3270a1b0efdf3e0f3f1cd070b0de516fb2021e910e1da0efc2e00,
f0ff07cdf70b101305eee5f4120e14f613f6e3fbf8001ae8f9dbf5f9ff0000d5f201eb03ef04ec0a2006d8e716ff2cf7f007e81a10032012f40bfafd100b12020f15f2cefefbf00704f9d9f7150ffa1227ebe11e1aee09f8000feb14ec03f9dd0ce9fb0900de0dfc220d0d06dc00fbbb010e14f913f72c22f107e3ea0ef81d00,
e10beee7faff040014f4f0e9230c090115f1f2ea08f821edf9c7f2eaf61202eef7eee304f201d81b1fd5d4e2140718ffea01ef2013050d01041e01f4061006000004fad809eaf0fc0600dffe070c011219ebe31206ed23050d1ae8090615f8d500ff010e0af021e6170f0f03c50c03ac08fa10df00f51e0ae708efdc1a0011f5,
e010e003fd02f7061500f5ed1a000a0911f5f9fc140717e9e9d4ede5000414e6f6ecf9edff04e9162bd1f0e11b0116fcf9feea242ffa080c1425f7f50f1904f70d16f4e91200fef811efe7fe0703f8051203fe1c08ef2407140bf50aec11fde7e20903050bf21aea190007feb9fc01d2f30703e907eb1419e9fdfdf616ff12fd,
ef0ada0705fb08fd0506050118fe0af818f7fa07211418f2f8cbfae8010a0fe507fe0ee6f3fcda121a00e4e00ce31ceeff04f50d22fe04070b24eff317120e071100f2c918f5f4f61009f41114fcf50c03fbfa1502030b001819fd1b0606fff0f3f8080215091be92017170abe070bf0f8fd04eaf1f31a05000019000c0825f4,
ea03e4f6f8fafffe061112f80ced120803edeffe171612dfe7cd0fe6ff1313e5060601dcfa05e7030c05f5e20be52c02f510f31216f8fd031022dfe91d1f080021fafec118f909e915fbfa0d0df7f50c000ef310fc0215001713f92212150b07e100061204130bf0151208f3c30d1113ecfe08eafbe1210a0f0720fd13f51adf,
e6f7e206edf00300012814f00ae32cf9fde3040f091d03dbdfd30ad9000a19ea09010fdd1702eb1706f3f5e002d7260ef30ef91d1c00eafb1012e4fc0a0908fc2f03ffdb0ef10af0fffdf0171904e105f116de00fd1d00e6240d091e1308120fe408130af91ff6e9ff1208eecb041316eeef18eff6e520000f0921f20df511ec,
fcf0d7e9ecfbf7fcf32e39fe00f024f400d6f6062037fbe5ded608df1ffd15e808ff17cb2504f00e04f2fde700cb3405e012f5160f07eef21a09e7ed200000fa230f1ce70dfefaf1f6f8fc241f08dcfdf124f510f415fbfc221119260f010e15fd061312ef19f7fdfd14f7f3c00b0815e6f320f2f0e31c0a17f81cfaffee14e1,
12f5ecfae6eef102e82c25f80beb2b00ffdb0703292408f1d8ed02f6200622fb0aff10d11df9fdf905d2ff0003df3008f40af01100fff7f60d03e5ed0311fef71211241308eff90deef2011c27faf00fe225fc03f11bfe0a2019173613fc201e0efc2117f831fff2eb12ebf6d7150a1cdc0a1807efed0cf90efd15eff3f80edd,
1402f70ce8fffbf4e11df900f60911f9fcec1007291b08fff6fdff06240820fb0307fbd71ffdf90005c804fd06dd24fbf40504090c06fbfd1601e8f60a040af00c04171500eefc01f2050b171a0ffe00e40ff405061cfd1a15040a1b08100c130d0e181af429f2fefb16f50cf21f0718e9fe1c0cf5e20d0109090bf3070011e1,
0c04ff00e210ebf8e209a009f0171b00000a0503331a0ae5f5ff080f1bf60f000016e9e507f90ef411d0f40a0aed1a02fb11f80c1204eff00ffcfaef0507260900fc1f25fef6f5fffa08220513ff1704e10009110012fa201a010813070efd1925060f10fe2cfa07fe1be410fb0cfa0e0304080209df0bfd10f70300f70719e5,
0cf40e00f90ce3ecfb0880fc060f1200030ff6fb291d0aecf2fdf5170bf109ee091aeee116f703fe05fbf3fb0d040c10ff07fb100f00f7fb0b0100f60b1a101910f40d2a0dff0de9f6030be5100016f700f102080217101b19fa14170314f0060a121414fb1bfc01fd2903fdfc05030e01ee0fe2fbf51a0a0707ff02050419e6,
e80816f40a10e5ed0608a8ff05190af70a02fff50c21f7f6fbf6f1140af409ec0a18e1f603060204111efd020e04fd01faf6fa1a0c03060402000eec041212180ceb0c17fe0e07ebf71a15f700011ef40708ff10061c13180afe031af31ce5fc1204001e1113030017200cfcf7f3f5ff11f00df1000b3502f001000eff0112ed,
ed0b09f00019f2ee0904c60c000907ff0dfcf2e8ff13fbff05f2f0faf708f9e2151af1f404f8f20f2025e90101f607f7eff9f90b110017fcfefe09e9051511221edb070dfe0011f9031d0113fef31df3010e06090a10091e15f2fe1bee00e6f9051900100511fd111b181bf8f3fbfee516ed03ee0b143bfefc000dfefbf908ef,
ea0700df0407e7e600f0dd11ff0c0ef402fae3f4f30efcf40adad7eef3f303c20411e9fa0afdf10a1e17e6fa03f41006fb00e6221ff80e090cfcfeec0b160b1419c712fcfc031ce70117230807ee1ded08130e101220131227fb0912fcdadf01000c00101415070a1f1f06d8e0d800e108e50eec01092df7fee900f900fcfae3,
ea04f8eb030303f609fecf0ef40a0206faf2ffdce900faf304d9e6f900f105d00b0fdc000a04ef001415eded08f30c0e0001f51c1701ff0d08fe04edf60ff30509d708e905e90ef70efe0c15f7ee1ff0011302ff1c0e16150d000712efa4f0f70b12100d0f030dfc1a1400dee9c8faed00f702f5010d25f9fdeeee080505f0fb,
e504e0f9fd0100ea03e9e52304f30cfff7f2f3cbf807fde703e0dbfa0c0607c52104e20504faef04020003f10cf712fc02fcde211ef4120215f6f9f6001fdb0b0ae00dda00e103f310ef0b19eef709f81718051019110c03110d0a16e285ebf4f9190cff0f03fa03211404d1ddd2f8f406f20af8fd042505fdf100ff0403f4f9,
e5edeee909f408f115e2fa120ef50b00fcfdddcee904f7ff00dbe5f1080817d217fdd70709f8ee1b01fcfeed01fb210600fcd92814000e09fc060aeb0910d7fd18fc0ecd07e0f7fa0fdd0425fae3f9f5200c0a041c1418f91110fa1ed39bfaf1f4131aeb1cfff5f8160612d3e6bdf2f1f7e106defc0b2c0801edf30000ebf0ea,
e9f1e8ef18f80cec00fdf0ff15ff050215e3cdd4011af00af9c5e8f2000d19c51005e0041904f60d09ffe9d8faf138000002e4221aff030ffa03f3fa0e16d8f21d0001b3feddfbfc08cbf62109eafafe2224fc0a150d11032d07ed25d7bdf7d7e5120cf12700eff71e0426d5e6daf7f1ebf41eeffc061df602ec000b03f6fef4,
f100edf804e91dfef40af8f209f7fdff0dd7c5d80f14040900cedf0004f71fc40cfef3fc14fbfe002116f0d5f5ff2901f6fcdb2728021505fcfae3ec000cd7f808de0ac90dd9ecf8feceed1305d1ebf6181df7ff1b101bfa26050030f3e0e9cff3fd0cec1fed11fe25f71ee3f4d1ececd9f71eee01f125f9f0e5ef241e0601e7,
0009ff0605ec390cfd050beb10fd080004eaefed1106080201e4fcf40bf601dbe908f0f9faff1be71b2200ee0bfffc240a01ea0b050000e00debe9fcf308eff9feeb21dff9f6e2e903e1fe17fbeaeedbe324fe0f12010b110df8f71c00e9f5d6e7dcfb0424e6160020f613f21afaebfdc70724ea06d800fdf2f9ee0e1a300ae3,
0813e307fef03103000b0dd30e0204f914f9f2f61d091a0a00f9fe0113e316efdc03f7f5ff070dd31d2afde7f5ff011e0002eb0f12f700ca05f7f1eae6090003fcdd1aeef7eef2d300fafd1708e8fbc8e11b081f0e1115090ad8fc1d09f100d2ffd613181ef2050e1a1c06ef3305e31bec0a29d3f2dffcfff3f0ea17202714ce,
03000e05e6fcfd021111000001fc000a03f4ddfb1c0505f8edf30bf70ff00c04f8fff50906f707f319f506ea0cfa0216000de50c020a0cfd090400f8f00a0001f5001008081bf3eefefefe1e13feeffaf81c0e06fe00060bf4f5ff08fb1c09f10df8070a16fa1303ff11fb00fef8f713f3090df603f30013e5f6f71b090f0dfc,
03fb05ff030a0bf3f90014120306ef04fef9f9edff08f307fbfb000beefcf504ff0212f7f6f602effd07f7f4fcfbf4fff908fafefa04f6000a000cfafd08150cfaff0600e9f2fe06f10f060e08ee00f3ec0f06fb0b01040404f100000c0005fb00fd031012f8fefc0c060402020f18f50a02fdff000213f903f1010cf916eff0,
000a030b01fafcf904ee0b0f010ff905000af7fa0703fdf5fcfdfefb0003faff0701fc00f20300fc0104020004fb01f400f2f900020201fd090102f9f6fa10fbf2f8fcfef6f8fb01f806070601fd0af6f3fefaf7f2fcff0d0e06f0011100f208fdf3fc07100200fc0af901fff50901ef05f7f0f6fb000201fd00f5f9fe0af5ff,
fb10fdfbf0fd03fd0400fe0cf700f5f7fd04fd08ff0302f9021106f4070500070bf2030ff904020400fc19fa0707f4f6fd27f60702f70c04f70d0fdafa050d03fd04f6f70df20deffd02fafff7fefaf60000fe0307f717fff3010704050203fbf3080718fef60e060103f7faecfffc000af504f70d080324f2ffe804f5f10602,
f805faedde12020b0bf8e104fe050f03e816dcf7f81211ecfdfbe50009f4fde9fafae30ff7f7051217e211ea10ed1bffec23e62012fb1707030d17da0d17f904f7eb05f72009f6e011fc0ef4ff09f4f30903fb1d10e41afaf413f702f700eef2f4fe0531f3f11ffbff09f0f0f8ffeaf305fcfcfe1f0c0920fa11f60d08011702,
e40fe6d6d524f50310e60002fa22100af21cd4eb0b2b19e001f6d9ec14eeffe9fbfae60aeb03070d2ee600d519de12f3e21cc91d170628f1050520dc131418fcf3ed00e7151f01dd08f8010c060300e70706012f22fd1f22f31af8051409e8efee00122efdef2a12122bf8eddefde8de0600fee21b0c2519efffe1f20a041cf3,
ea1103c8ea180f0c0ad607f7051a16f80007cfe304ff17edffe5e6ff13effeea000edf00f3f601072502f3d611f10b00da06d50b130012f5f60f0ee60a0b04f3f4fa00e300fef3f0040ed6100a0000eafc0a081211000d08fc08f80a0400f1db01030d1810e511022714f9f0ee01f5d00d030af60012300af6ffeddb060212f2,
effe00e0f203fa161efd04fa0a1b11fe0c05dee6080a16ecf4dbf50100f501eee704eb09effaeb0519fce9e50102f808dcf7f40e04fd00fa001905f9000801f8f7f9f1d9f6ddeff80019eb120302f4ea03fceb0f02f6180c0710ee0aed050fdcffdd13fd07dc19e521180609d905f9bbfd0f0dde05022a16f3f5e4e51a1312f3,
e409e9effa09f00312f7f0fb3115000503f5e8f9f70a16fefacbe5f3f6ff15fcf606fefae1fedc0317fadef1110201f0f0f5e71815040006163511f2ff1311ec030dffc10ccbeff50711d9120c00fa0003edde11fcfc1812181de90ce213f8ddfde8ff020fe627de23121503c507fcb4080808e4fe0a2c08e5efeef61f140cf6,
ef12eff0f60de20917fcf6f41e1bfdf90af5eef900060906fcccf0f3f31015fcf80bf3eae8fad20f1cf0e6ef0ff513faf104f21d190af0111a290fee0a120ef6050ef3cd16e6ff00060bd80b08fdfc0400faf31603041b0f2422ee13e708fcdef101fa0115e314e113131d05c91005d604fb04ec0501250aedfcfde218041af5,
ebfae6fafe11d71012fe02f3181f000013f1f100fa1910fdf2e507e9fa0c0af1f11002e6fcfce9fd040ddff10dff0ff9f005f8081d00f8050513fff108090cf80903fed804e2f1eb0808f4ff12fffb0105fe01150b0210051d2df217e80900f5e70b0f090afb04f71b240914d20d05f609fb03ea02fd1f08f600ffe7160d1201,
e803e1080602e3101d1804ec1c0f1dff06e300fa0c110800edd504f3031010f0fc0512ea0b08e1fd0ffeeafb05f81dfb03f8fa140dfbeaf40709fff8120406ec1f0cf5def8ecfef5fe1aea130e00f00b0311ed190c0a12082421fb23e91709f1de0311050a01fffd241d0c09cd120807ee0014ffe7e82dfafefb15fc100017f0,
ff02e9f7fd14ebfb041c11f30e0b220406f902fc091af7f3ece014e3130e0efafa100ee913fcdb10ff11f9ee05ef1704f807f40f0903f2f70f12f9fe0e0012fd1bfc05f1fff6f4f4fe17f81b1200f107fd03ef1d0111ff081a0f031fee0f0e0cf60a1e02021203f6142101fadf120812ec0014f5f7ec20fe0502210904ff24e1,
07f8fcf8fe16f5f4ff0d130306101d030af0070c141f01f1f4e60fe415171900171211e51ff9e40ff20005fc03ee23fefd01f80e050bfdfc06fcf7f01710140120161001f1ef0af60308f8102902e90dfa08f20c0f12ff02151b132af4111a13f506230df41ff9fa0f2ffb09e4100511effb14fcf4f2130010022bfeeced1ded,
0a03eef1ee13e7eaf1100af7fa121af7fff71a031523fdf603f606ff0f0d25ed1120f8df11fcf3fe06f3f10600ee2cfcf20303100007ef091109ebfc1d0512fd16081101fdf9fefcfc00051822030a0becfdfd0f0d1eef0019050e2cf00d181a081818fef121f8fcf724fa10f1120913f7061900fbfd13051e042cfef1f012ea,
0ffef106fa12e9f6e218e301051219fa00050d05232308f6fbe70b00070a21f6170afdd618f6f112fbe9ef0204e9230bfa0dfe100ef7f215160eeaf9161c150f16f0120cfef60d00f704fe0721001a04faedfe0e0d1efa0a1c111320ec0a1418092023fdf811effc0229040ae90a0d08f7fa1900f8e80cf6210f2607f9f515e7,
08fd0502f415e2e8eb0dbf0b030d16fb00000c001821f5e6efe7fa14050c1afe121002e10b02ec0013ea000c01ef1a06f5f9ff191402f204170606f8181d11111ce61a1102e208f10512100f270615fff7f60007ff2401181c0c092def1708120c1b1804021ff6fb072d0601ea0c0604f2e215f3f5f111f822ff1708eefe0cf1,
0afa0bfe021ce8e1f615a00ff911ffff09fc10020a17f6fc01fff104fc0606050221f5f405fbe20014fdfe06f4010bfefd07f40613fa05040f030ef4030e161a13f5001d07f20beb071c03030d0128f70af3000d00210c1517f10b18ed04041213111afe0b14f2090f350c090002110200e400f202f914f5150211fdfdf810fd,
f60611f30816dfe3f603ba0108190cfb080a04f2030ff9f30003f4000cf9fef80327f3050d00e4060a1b030001f800edf800001515f6fc0710020df00507001609dc0402fef519fbfa0a11fb150b2800fb04000b152008170ff5000ddc00fefd05191013000ef7000631000409f20ef816e90af0ff0413000b0afbf8f3f90af2,
fb060bfcff0ae0ed01facf12090604f8fdf5fbf4fc08eefaf9eae705fb0808da0a0bf30406fef30a1123f30801fb0904f108f1181c050e10110c0fef0d18ff0708d81bfffdeb11f7ff120a1400ef1dec0b000b00fa171a0012f1fb0ceae7ea0b0a1b1c021b00fc06191d14dff2dafbde0aed0600ff0b22fd030103fd030703f7,
f20201f50102eee309fed61d0ffd00f4f801eaecf405fde4fddbe103090000d61507e8ff0af6f007151eedfb10fb12feeb03ed201aff05091b0507dff30df20200cf0df108e008ef01001e1916f226f204140809081221061600fb19f7c7e20a090f1012080d00fc131a01d8e8c9fdea00e009e60606290600fe020201f5f7e4,
ec03edf400fcf4e202fde31e05000cf6e4f8e7e1fe030af408e1e1f10af200d01a04da100800e1ff2217f5f1010a0f0bef0fe41a18f40dfe08010be1f80fe600f4e303f010dd00f002f814100bef10e505140212010621151afd0016f192ef06f618120707f30afe22140acedacee9f108d90ff50b06270dfbf7fcfd0ffdf4e6,
eb02ee000003f7ed00fc001f0f03050200f1e6c4f4fdedecfbd8e6ef05fa12da180fe40e1002e405060dff00f204030afb0aec0e0cf8050a06f200fa0c07dafe01d715d700e0f6f700ec001eeee122ed05110409190b190b191df924ee92e4f6041706f01b04fe082c071ecde7c4fadff2eb11fa08f52afd00e5f3ee00ffefe6,
edebff0105f004f409f5010f0cebfefe03f5d2cef314f502f6d1e5f3f80a19da0b01ec031bfff90008fff1f0e6091506ecfede090cff08f3fcf5f300080ad7010ee420cdebe6ec02f7e4ea1802da01f31f2bf30d17040dfa1b25f719eda9e3eaf7160af725fe00fc2a1520cfe5cdf7dcede71ce904001e06f0d4ecf91112eae4,
fdfafcf311fc0401ff030c020ae304f906e4cbd1f40e07faffbbd6eefe051bd310feecfd1cfbe908150ee4f0ebf5250ef606f82617041604e9e8e8fe19fbc0f60ce30bcd02dbeb0600bcf30e02d7f80a3219f8040a041bfb25ff052de2cdeee4e6010ced27f4fc091e0f2fdef3d6e6e0cefc2aee050016fa00f0f40014fa00e9,
f8f3f7f11aec1e030b0805ee0ff400fc09dcccdf020b1205f2dce40410fd24e405fce5f61902f6021009f5e7f1fa280908f4f0191ef60ef8f7d9e3f8060cd2f107ea0cdff7e1e808ffd7e8200ed2eef82116fb07170418fa0f0e1128f9d6ede7eff5120022f00905161c1ed7f5e0ddf0c70226e8fdfe0af1efe9e9110f061ae1,
150405fd07d62b0ffb100df0f805f20820e5edfc22f80e0feffc070221dc04f6ee23f4060504fcd41436f3e3fff4f71903faf701030002d9f7ddeb00eff3f3ebeedd1aeff6e7e1f7f0ee031af7e7eadde51efa14111019030001082114dc00dfefe015041ae4111319161ded1ff8eb09d51c2bebf6def7fefcf0e015222c0be5,
0308e6fc05da2b0bfb0911e10ffdf6030dffe2fc210e0a09fae906061cef0ff9dd13f7010100fde4033003e2feef090cf5fdf6fd0ffe0ecd04fdf2e6f505f3effbe123f6f9ecf0ed01f0ef181bfe02f00410eb1f0e0c011515db001cf50300ebf2de2e152df4f5ff1b1803f8220fea0fee0e1ff500edfafe04f5f118091307dd,
f8f810f5f6f7f4fef71513f5100b11f60702df011601fefdf8f00af90b0e01f2071200fc19f6f7ff07fcedf1fff917f9fe12eafefdf904e70b12fc05fbf605f4020afdfbf519e605f8f40417160af50407ffef150310000800e1001a1a07130902f5121bfe0408fe060c11fefbf40b0efa0d030a08ee050bf6fa10fefaf718ec,
fdfbfcfef5f7f60d09fafefc020c050406f90a0bf9fb00fb07fafdfcfbfefc0900000005f7f7f70efa0903fbff0300f904fef9f4f102fb04fb0808fffff20607fe0205fff105ff060502060107ff000808f7f802040005fdfb0500fcfffffdfd0df80c05ffff06f30007f505f9fd030e05f905050bfafb09f5fdfe09fe03fbfb,
f80d0205010203f9f9ff0d0e0110f600fafefa00fd0cf0f002f600fbf6f5ff0101090602040706f20003fbfd05fdf5f6f8fcf10407fb03f6050efef5f0f8fc060101fcfef4020001020b070004f709fe050f03f401ff0bfd0103000204fef80ffd04000708f60bf70af60508f8fefff202fe02f5f7050ef5f1fa00081100f300,
f815f506f71102f1f902090cfd0d05f9e416fdf50a0ff4f60d0df50703ffff0206ef0c080306060a01f7040d16f4f600f5fdeffb11f5fd02140414f3f7050017ff0405fd0efb09fe0900100aed0908f9f402030004001907090801f407fd010e0bfdf919f9ff1c040801f2fff30b06fe1afef0f10606030bf9fbf7030101fcf2,
f607eaf3ea020901fdeffa0ffb080b01f805e1e7060e21e50300f6f11201f5df0ee6f401f5fd030421ed08dc13f81c01e218d8120c091a04010a1adc0d20fc060005fcf6150800e615f20b040004fbfb0f01151e07ee16f4002b02fbf6fffdeee902022df6f71508f620eef9f5f9e2f105fb0a001d070932020ae70e06fb1600,
f415e6e8ef130702fde6f0010620130af529d6e3002f17df05eecde822eaf9e1f4f4d90f02f70c0d1bfd09df10f619fce503e2151e081001000320d107170b0b06f013d90a2104e109fb02030509e9ef08ff032713ee290e0107fb0d10fbdcf0ffff13280ae81e022021f3e500feefe2060809f30f0119030409f2fc1afb08f6,
eb0cedeff51b03fc02ef0203ff1d18fefd0ad4ef15fa0e03feffe8e51ae3f8e4f805e904ef0105fd1f0bf9f302000702deedea1114fa1403f60707e100110400f9f219ef18f4f8ea0514ef040ce70cebec03fe1211f1201b0f25ff140df2eaddf6f4060b1adf1d07281501ed0807f3cf00f60fef09092af50cfbf0f9241a11ec,
f5fbeaf8ee1ae60c23011af91f0d0bfcf3fadae911f9ffeefbdbf9e106f60005ed03f4f6e4faf3e82d02eef603feee00d1f6daff10f907f213070ae5fc1ffcf2f4f401d911daecf60908ea1c1af0f8eded0de50105ec1810101efb0eefed06e7f7df1eff0ddf15e21613f500f501facd02f40ae707f32911e6ebe5eb161af6f1,
eb00ef08e506ec0417ff17ea2204f8fb0800eff508fe02ffeee1f4e6fefe0d13f3f107fee3ffda0b23f1e7f40e06fbf8d906eb0b1d01f4f7151c14fbf515f7ebef09f8cb1ac1ecfc01ffed0d1004f0effdfeda0803e62a08051eec05e20608e5dee31dfe13d214e71310080ce20effdb0ef9fde90d021e12e3fceafe19170f07,
f00bf4010000d207180004eb1e120207080cf80aff09fd0bf9e40edafe001b10f6f3fef2e800e30e20e1faf30906fbf0e30000020900f4061d1407fb09160ee20319eddc11dff6021500e0021009de05fcfee10e01f11cfa0933ec0ddd010ef0ecdd1cff12df0cde0d130708d91000da060501f8fd00080cdb01eefc1b111a02,
f302ff05090ce30d1a00fbe81d0f03f819f8f8f4fb0d09fceef006f3f8061407f1fd0bfaeb01ec030af0ef00010003f7f110f30b04fcf1041706fc00050608f8fd14f8df07d9f40b0b00fc090a01df0dfb05e3180cf80b0f082d011be11818e9eeeb1c0c0ee60af20c1a140ff603f9fa021300ed01f81a06ecfefbfe0a1824f6,
f611fa06fd0dd50f160107ed1e170b0315f6f602fb0bfbffece016effa012403f20f0beaf5fbe90702ebe8ec02001506f304f905030af4040e16fffc100417e3080dedeb04dcfafe020302001508d608060fe30c1f051023121c0922e61606e1dffe1a120bf2f2fd0f2e210ff7130104ee0b0afce8f12208f3090309050915f8,
ff09fb000e0dd805190a05e8092110070a01ff09ee0aed00f5f10c0009061a01f11100000202e510faf9040108031109020f070e0afbf2040e160504190019ff0f0df5fbf7eaf6fe041e06081204f11410f9eb1a1305090c1411120fdd0e0df1ea0d1701f6fff2f402300508fb020a03ee0c040dea021a14f8fd160504fe1500,
f60ffc03080ee5040e12faef0c0e03fe13fafdffee10fa0700f70ff4f60f1cf5ff1802f312fae02303f7fc0206f825f20f16080e15fd02100110021619fb08ff0a13f9f406ec12fcfc14f50d17fee51316efdf152212f9031014041bdd1e1605ef0713fd00fafafa07261dfdff000400f901110cf00b0a0ffb0f200000f81b0c,
fb00000b120dec03f017fbfa05130b020f00101af51001050bf309fef90a18fcfe120ce803f3da1df6fe03fcfdff2af80f021f1305f5fc151216e90815f904fd1f07fdf304e7150c05020206210707150eeaf1161212fa0620190c11e3131b02fc151600f300f0f5f52a190dff02150df2060a0efc0d0711150f2805ede92007,
0504fb00090ddaf8f81b02fa060504060efe08f8f114f0f4f8ec0c00010e25090f121beb0804da17f8f8f806f8011ff0fb05081811f7ef061819f4172509fe032306fd0003e6210b010f09071010071415e5e7f7011bfa081212001dd50e0f09170622f4061002f6f4321502f70f0dfffef50201f40a02061b003009eff20f07,
071201fd0d10d6f2eb11e5010b0cfbfa09f50900fd0dedff00f5060bfa191e0f0d1507ef0200dc1b07000e0bfafe21e2fb00090b1300020c151ff90416f6060d1ff60504ffea10fc04110001180412140e00e5ed0422fb0b15fdf818e0fb071c1d041bf1021609f104200e0405ff170efeeef3fdff0b09fd070e1a04f8fd11ff,
000313fcfe14d4ecfb12c3110a0eea050f0206f60210e5f505e7fe0bf91310fb151b02f80df4d608040ef90f03fa17e1ff0f07fa0bf4fc1b020a06050b00001820eb0f060ae313f0fe13030308042e0204f2ee020318fa1707fbfb1bdaf20b1c1e162107fb0afdf9042016f8f5f21d0f15ecf4ecfd0900fc060b1703f9f70009,
00050502fe14dceeeaffc410fc04f50602f800ecf505eef308e1f71304001700122008fc02fde4130019fe0afbf915e9fd0ef50004fa0110fc0305fe050dfd0911e60dfdfcdd13fe071710fc19002dfe10f7ed0b1014fd1208f3f011eef5fcff120218000b050600062b19f1fde906f606e5fbf6f90b060b05ff0ffdfdfdf8f2,
03ff00f9040ee2edf800ce240b0af4f5f700f8eaf803f4ecfbece60dfc0a14e1230eef0513fae8000927f000ff030df2e9fffc0307071203fe051301160cfb150de207f9f3de0afbfa050ff5110625fe0900f408081616071ee3f31a00d9ef0f18150e080efef800132815c9efd506f00ddc0106000a290207f603fcf8fc04f3,
fa040201050adde702fde42b1002f106f201e7eee203f5f000d8e50003fe07d41e13f9031808e4081727f9fe01121500f70ee30f0e040a010cf318fd0a0deefffadf10ecf4d901000003120e0df21dfd1505f50a060512170af0ed2505b7ee090a0c0c0312fb0b02172108c7f6ba02f212ea00e7fe0d1603f6fcf8001204f0f4,
f4f202fafe02e0e310f9f92403f9fff7f0f8d1e0f708f5e8f8d4daf50bfa14d81a00eb051702fc12151af4effa0b1300e011df1a1bfb15f9f5f906f3000deb0dfee011f8fef6e3f80ee30c1a0feb15f81c14fdfe0df1220a1906fa1700a1e7f603271afc210209fd181c11c9e6cfeee20ee3fff30ff82706f4eaeef106fcedf6,
ed02000512f400fa1406ff1102f1fffbf2f9d4cfe806fcf5fccee10600f709cb1400db0e11f5fa061312fdf902181010f200f2151ff914f4fde707f1070cd90406df1cecf4f0ecf8fae20514fde413e82111f80b06fe17fb0e0a010eff9edef70918100414ef000b1d1b0fd0f8dae7f2ede016f000fa23fae8e7e1f51106efe5,
00f4fb050aef04f81a05130805e3ff09f5f3caddf604fc06fad9dcf6fefa08d806feecfe2008080306f80002ea18061b0814ea1c110110ebf2ebf80c12f8d000fbe614e9f7f6dffff8ccfe14efd4f6f41a2d09080c0215e90b171618fdc3d1f3fd1613001af4010b26161bdcfbdde9fae1ed11f805fc0909f9dee4e90f08e7eb,
ffef09f31ef1f7090d011af202f005f61aedd5d3f60e0e0ffbe2d8f2f40318df0a00ed071500fc0d1105fceeef0f26051011f21d1afe17f8f0dcf8020ff5d5f70cfd09d4eee9eefaf6cee90ffce7f7082d0df00f10fa17f41203ff0cf7cfe6e9f0001c0014ebfd00110f18dcf3cddcf4e5001ef80200fc05f8f0f6f919061000,
f5fdeefb23dc0f08f7fa07e90300ee0123dfe0f2ea0a011d00e1dafcf4070afaf4f7f1fc1afbf103120febfc03ff190b0af7fe240dfd09f8e9f3e41408f6e7f31df002e8f1e4f2faeedaea03f1e4f1f52409f3131e0206f3140df51afcf0f1dc03e810fe1ddbfc08201028e712e6e307cc0c20ebf3fffff8f1ebedf11d1e09fd,
13fb0b0311ce381ff5ff20de02f1ee0615c7e2f90d011b17fcebf1fe0ae91206d5fcef07ff07fcec0e04f3ea000602120b03f0fafdfdffdbefe8d90bf7eef8f9ffea08fae0efe903e9eef50202ecfbec0404f107160400fb0a10fa101cf002e5eee207032be3fb0a25102eed2df9ed10da172504f5dde501f0ebf3121916feee,
0802fa150adc2109fa0818ea08faf2f809fbf9ed190b0205fcf3ee0506fe19ffda0f0502fd04fee5181209f9f20712fbf0fffb030200f2e4effa04f2fbf7eff607eb1905e3f9f1f9f8f7f00a0ceefae800fee90e1807090809fefe1002df06f3fcf4190b23f6f5f81a101afd1ffaee16ee0e22effeebf5fff8f803180c1100e7,
0f0001ec0101ffe0faf7100906fdf5f70403d9ed0c01fefdf0f5ed04ea13fff2f90cfcfd13faea000af4edf1efe902e7d1f8fceaf00af2fefe0a070011ec140b18f5170a0004e416fd0a05ee02f612080cfcf615070dec060301f6080a08f40c13090afaf41df4180c0c0ef8080b01ee07f20f0300010bf203f10303f3df01e8,
f30a0ffdfbf80b0009fafffefd0601fb04f908010000fcf1fa0400ff07070605fc0b0ef7f2070408fc0102f5f700f5fc0600f9ff0309f40108ff05fe03f5f6fe09090bfcff050900f9060a06000afe00fbfffcf8fffdf2fcf7f60cfa07f700040dfd0b07010003fffe0b0107fafafc080a0902f80df8f409f3050000f3f3ff0b,
0404f600fa02050908f9010600fdfa040508fa04f906fcfa00fd04010af8fe0a05fcfe080705060afc0000ff09fcfc03feff0afb020506f606fe0107fffcfaf6fc01fa00fb050800f9fd0afe0100f90402020009fffffa08fe0af600f9010803fafcfef80a08f9f7fbf606f808f9f9f9f9ff0906f80907f8f70602f605faf9fe,
fa04f70007f70600fe0804f9f801000a0301fbfbf7f9fb02080505f6fd04fffcfc04f9fb0206020003f60307ff04fdf807fff600f908fffa01fbf603f7fe0006f6070101000409fc09fffb0609050100fd09f9f803fa0001f7f906fbf60af7f7020001ff00fdf6030409080a02f60afafef8f70007fff7fbff07fbfd02fffd00,
e80ef7e8ff11fef6f7e4f71ffc140600ef1fecf7fe131bf40cfce1f607ffe9e514e6f12001f8000c19e60ae516f41a00eb20e31d20020c0a111c1dde200c0a1d0cea07f5110f07f920dd06f5fd14fe0920fc02130a0023f10637f300fffbdbf6f208fb1dff0019040d13feeceaffede90fe1fcee18151c1c0c1b041405e30200,
f211e4db082116e5dedde2ffea2305fc0017d9e9df29150221f9d4f91307f0d916feed1ffb05fa0f0b1203e91efa1bfaf207000f160a1d16ed0a19ef2407ee0d18f400f70b3114eb10f707e2f604f80922f60e2324001400f9fee0ffe5f9ceeb030cff0ef3eb04090e16fef600f2e1ce1d160a1f1c192b03181bfc1102ec1914,
fef9eae4f92d05f9eef50f03e518fd02fe1be9fd061e0d021d07eaf70aeff3fbfb02ea0bf800f4f6051d00ed26f900fce0ee03f2fb03181ee8e614f0170f000c06fb00f0140ffbeb0f04fbf21c01080802fc012a0fed0d0f0011def8f200dcd8000f130200d610212c14f70b010af3dd170b0e13121016f30e09f21ef6012b01,
effdf5f6eb20eaf3f303240ffc1ff900fc0bf3ff190cfe05211106eb07fb0016fcfbfc03e8fff4f61918fce813efebf6d4ecf4f3f20006fef1e90ae8fe070f0200f6f5ec08e3f3ee0a16ee171ffaf7f0ea0afa1a0bef0d04ec15e1f9fe05f6ed05f7170df4e21e132106ec0e112001d91b020e0b0b051eff0606ea0bfe0217f4,
f806ebffde12d6f60aff2cfdf704eefafc09f9040609fcfa11090de11502011404fe0609dc02f2f5171102ec12ffedf5e2fceff1fbfa08000dfe06f201fd07fbf40aecf012c5f9f207ffeb0a100ae2fae902f52319ea0ffde81ee9ece7030fefeded1a02f5eb18001203f60ff61df5df130b00f210fb1c04e705f10b0b0010fd,
e311f408e119d6131f021ff2000200fe0410100a0010f1fb011b1ddb02fcfb1bffeeff11ddfcff0e0bf501010a04fceef012f7f9fefefd0109070b0207f300eaf11ff0ed10cffff81103fc0d1411c70107ebec1d24ee08f8f83001f2f00b14ece7de1f06f8e31bf8fd09fb1cff1406ee1713e6ef12010f23e40de50d0d07190f,
f50e04000116e50b16f9fef81a13fb0613f5f80ade0d090cfeff0deaef040906f3fb08ffee03f11100e903ff02000bfafdff0d090cfcf8f7081bf80b1bf805f50820e2d5fae90900fb00f9000c0cc80b08eede0817fe0913070ffcf7ee0907f8f0e4190700edfafb1a1b2300ef0f03f9011702fa050c1c14f3fdf6ff11101012,
ee10f4fa0017de051404faec0e20f6fd0b05f4f1db16f00d090301efe91b15fd06030af8e7f7ec0f0deaeeeaf70214fcf900fd060401fb070215f60029f517ec131df3e2f7ecfc07050a19f81602c60a11f6ec0f24f218200215f311ed14fef5eafd0dfb07e6ff0215102900f90b0cf3f70f0affff011a10ec0406070d091e0f,
ec07f602102bee15120b0ffd1914fd081c0ef0f0e615fc0f0e08fffdeb1c1e090b151100f802ea1d03ec02eaf9001bedf7090c02ff06fb00fe0707142ef109fe1311ecfd00f3030df60908fa1310d81f28f1e51c2a000728f612f40fea230bf1f0f21e0602fc01040b22191111fb0afa0510fd0c040d170bf510001600051f1d,
ea0e01011924de090d101bf00e1df1002903f000e30beb090e0a06eaea1410fa040e1d0efffcd82502eafdf6f90528e20218170401010002fa15f71f30f808fd1221f1f104e40414fd0b16fe1707e8232ef5e1152dfd0f1d0812f111dc160efcfdf11d0cfcf3f8000c2d16060a000e0b0910fd0f040f1119ec111512fbfc2917,
ff10fa0e1917e809081c26002a15e6f825faf7f7eeffe9000cedfdfcfc1d2601020a24f9f8f9d71a1bf60406f10013e400050f050bf6fd071723ff1d1bfef708160b01f1fbe90e16050b13011500001424f4e8fb27170b16080cf712e10a16070b000ff90b02ff00091c1c0307f8181dfcf9f805f5160d15fa011209f5fa0213,
fd11000b1600dafaed21200d290ee302190507f5f301eb0504eefdf1e323171e0d172bff0afeeb1616081801f3ff18eef700160308f4fc1d0b29fe0f1c02f308151600f903e6090d100f03100702011427fcddf7161c07000efffa09dbff170f00f703fc0afa1aedf61f16ff00081a0c0ef0e60afb1d0b02040b20fd01f20c10,
0a03160b0f0dd9f4ed12f114150ce4000ffb0af3f9f8eb0707e60503ed25211708201bed0806e32104130211f0f41aed000416f8fd03100c03160c0e11f8f30e13110b0b04ee12040221020c13050b1d20efddee0e1f03091602fc18dd00181f05fd05f30b040b00ed1518fb06e81b1203ed0302f022000c0ffe28f6f9fe090e,
070a120a060ee5efe90dbc1f1702dbffff0005f6f80bf6fc08e7f405f517270c1e1019f90400da100c1aff0cff020be400040008fef8020e071f10151807f7080b09020704df0308092306ff1702171e1904d7f70b1200101b0af715eefc0d160bfb09ff06110df7f51f1bfc0ee0211606eaf602011d09080afe19fef1f3f911,
1206120c1409ecf2f20db8230d04d7f805fefae801f9f10e0ce1ec06f7110f1b140a1afe1804e1081a110406fa020ee5f9f8130e0006090b0709030d1801e4010f0609faf8e5fd130311fce712fb28141903e302f60c09031102f513f4e0fa12121300e61e090c03031c1fea06d70d050af00900ff1c09f611f90b04fbf8f810,
fc070f070106e4e1f8ffce1a0900e500fefef0f5da07fbf7fadee30ff7051501200bf9110c02f31912290509f31513eaf8ff031409f60b0a01010b0313f4e60910f5070400e102140efe08ef0ff12a021e02e7fa0c0b0e0d03f3f00cfacde5121efe07fb0ef103000f2510dc06cffffa13e7fffffb220f0cf5eef404fa02f309,
ef00080f00fcd8ec0319f02807e1e403fbfee3f1d60cfef3f4dfdd0ff50611ef23fbe9180b04eb1b0d291900f70d15f5040bf11921fb080110f225030509ebff03ee050107e6f50906ee11f008f8160019f4fbfb03fb24f909fa020e0cb6cf0a0b1b13fc15edfffa001e09bafecdedfa07e900ff080f0610f301f207050cf7fd,
00ef020b12eddef1081d051105dff3f9fbffd2dee10e0600e5ccd60f05f40ae305fdee15180007092219060bf9210601f906ef2c25f91af5fce610f20e0de9fc06d70501fbe5edfdf9d825fdfced1afd16000904fced1bfb1705130511b1ce05fc16fef226e705010d1c12bffed0e100f3f5fdf80b06040302feddf61006e9f2,
f8f8fd012fe1edfe0601ef0af0e3eefa00e3d4e3da0510fbe9d7de03f6f40fdaf0fadb0c1af50cf41412fd07ed29ff0c0500f53219ff11faf8dff8040508e60d03d303f604f0f4e5ebd11cf9f3da0be41d041a0013f924e90eea0c0405c3d6fdfd1b06fd30dbf80f162218d005dae7f2df020b00f9fd1000f6f8e0df0c22f303,
fff107172ee0ecff1208fffbf4e4f6ff02d6dce4e00407fdefe6df00f9f306e4f2f8e81a1bfafe090500fa0be6270b1e1e0c003a22f708ec02e7f912ff02d902f2df0de8fff5eff1f3c400f6fdd5fbe81e13140000ff10e6150e1205f9dedffcf10810fa31e2000022150cedf9dde2f4def912edf409f703f6fad6e71a26f4fd,
00fcfa182fd30911140615d8fcebfd0512dae4e9eefc1013f1eefdf706eb0de3daf6e00b1b01ff07fdf1f70eeb1e0e152512022e220502e708ebe21300f6dee008d707f2fbe501e6e7c9e0f5f3e8ede0380701091b0211e4060b1812ebd8e6e7e7f80afe37d0eff9132228eb07e3d80fbc0c24fbe304eef7f000e0d92f29ff06,
0f08ea1544cd1e04fc0a03d60f01f40625dae4f3f1001322faf4f1f306fb1aebeaf8e4020efdec0b0100f3f8fa09230f1a04172c1dfd0ef5f900eb1606efedef17e0fae0f9e0fdf5efe7d5e601e5fdf52deef61c2b0c14da1c000f2002eeeadff5ea020431d6fb0b271133e70ae3ecfdbf1329e8e90fe5eafef9ffe419290804,
1a16000115cc300d01fa20d404f0f2fb2fe1f0feef0721140d0cf60e17f200f9e2f5f3070cfcffe00b1af7f90c0408150e02fc09020013f4e1f1e0fff6f3fdf508ed01eff3f00de5eedcfbeffdf8faf113fdee28341efbecfcfef8151ce2ebecf2e3120b24e2f9081c231bfe1cffeb09e5252a0af8ece4fdec01e8fd130afff9,
07f90d040fd32d170c0819dd14f40d0015e3ecf30d101907f2f2ef0c06fe1c0ad905e7fb23fb05fd080107e6000c2107f403010404fc0de900efe802f2eef6f1f7fe16f9eafbf2f5f6f7e70a0fe2fbf80600ef200afe06070f0200240de4f2f8f9ff14061afbfd0e101d13f213f7f00bec0726f2f4f0f2fff909f9140b120eeb,
000cf9f3fb0a05ebfcea0e0cf100f501fc12f0dc0e1ff206f2fce0070505ef00ffffff09ff05f7fa15f100f60bf6f4f8ddeef4f3f50305f8f80314fbfc050500fcf30802010be8fefb041105fef118010705f9121207fe19fa0fe40515fae2f9ff0b0512fb0d121d1eff08f6fe04f4e005f30af301f80efcfdfa0407f9fa08e5,
0700010100ff0900fb08f6f7fc0707f805f6faf906030801090105fefd010105fb0200ff05fffdfaf609fffbfd0905fcfbf7fcff0403fa030908f6fc090101090504040307090001fc0000fefffaf701ff01f606f7f80601f805fefaf9fdf708f8fb01f80a010a0100fbf7fb0207f90709fa0800fefdfa000004fd060a000008,
f60303f80006fefffb050404fc0300090104fb0207fffcfbfd0107f9f9f8f9fbf8f800fa0404fff6f60200fa00fc0803fcfa06fd03fd0604f60300000102fefe07fff700070903fdfffd03fef602000200060906fc0606010b01fcfdf8f8ff02f8fb00fffc0afbfd060a0b0200fbf90603030bf90a03f909060605f705fc0905,
00fa0af7fff80605050309f700f7fef605fe0002fffe00090a05fa060af70afe01f7f90003ff08fcf7fd02f70508fdfc0801fb0908fef900fefb07f9000208f9fc02f80801ff04080700fa0700fa020af6fa06000007f80403fdfb00000a0002f5fcfaf80809fef9040a09fc0307f7fafaf809f9fe05f9fc030007070a080afd,
ef0bf9fffa25f7efebf7ed12f901fe00f40eef02030c050012f4fef90008f5fb12f0f509f707ef0306fff7fc0cfe08f5f60f010005fd0e0c110d0aff13160f0a06f000f804ff0b0027f401fdf710fb040ef00f140bf50d071229efff0601f509f811f8fe02fc1514050d01ffe60b010019fe03fb161307030d1d10f1fef107f7,
eb10e4d6001a11d7cbdcf11ee219e7080111faf8dd150c05180df3f6f326e2e713fee61af6ffef0ff015f6f221e503e5de160bf8f5001234e40204fc26f7030e08fde3090f07130216f218d4060ff81b0cd9002615f7f300e318ceebf50be1e4f805f210e80708170e0000040215eddf2b07f9132020130e1d1ffd05e0dc1f1d,
fa17edeff120fce3cbf1000dd220f208ee341c25fe180a043d1312fb0afedbf71bfaed26defcf5fc04191ff836effcebf91006e9e5fb0b2dcbf52bec07fb0a23fa0af3f0fbee0fe622e00cfa1221fe09f9f20f2123ecf1ffd51ccbd5f715ecd5e9fb2313caf81014fdf3e424032feefe3606db160e220707002be110efe22f26,
f80de20ddc17f6f9e3e2260ddd17dd06fd1e1f290401f80a2d24190612e9d7100004fa2adbf500e2fb1d1d0421eae1e40cf906cfe5fffc17dbde18f9f7e51721fb06fd05ebe502fd1f0715f4141ef3ffed010c240ef1ef02d012dcdff11a06e005f51904d2f902240406dc34162fecf8350cf3120008f7fb0018e613e0ec2a1a,
f512f308e626f4faf4e71505c90de107f6261c20ee1106082e141f030cece21612fbe91bc40802fbfe2505f923fbf0e6fb0505d6e3ff1025ecdf10fa0eff0615e8fade08f4dc01ef1f0c0bf1092ff5f3f6ec0b2c20edf1f8d212dddedd0af7ec01f11708d1fc0f1d060be0181124f1e23419e7fc0e0a0bf6ec20ed23f8f11c1b,
e817eafdf52cf60100d608f6d413e609fe201b1ee80f170930161ef002ecec0b0dfde727c7f80cf8060200fd18fbffe707020feceaf81422e8e807f506ed0725fc04e3f8fce313f7100611ebf51df8ffffe50b3725f2fd05e410eed1e20c00cff4e8050be2e1111c0b08ed1b0e2af0da1b1ce7001a221802f226f204f501231d,
fd17e202081eee03fff909f2ee09cffaff0f0214de0a0b17221213ef070df309ff04f715d0fefff600fbfcf4060201effbfe1fef01fc0a24f0f2fc0915edfc0efe0bd1f8f1e81000020704e8f21af003fee305212bfffd06ee1de2edd30cf9e4eafb02f9f1f400180301030d0023fde51d0bf0020c1813fbff1ff500fdf5121e,
fe06fef30a2ef2f40cfb0ff8ff0ed9fe140df70fdf1a0b1d1a10ffed0a0803ff12130f15e7f5f70709fb02ff05f30de7fa050ff50bfd031ffb0b05031af4110e0a0fe3fffdd2050cfc2606f7040dee0c10ebed1e1bf80b1bfe0ddeefe40ff2f1e7f206f301f1011e09100d0c040907e31a02ef0c0c1e140a13020000ebec230f,
f316f4f70d1eecf303f6fb000117d8fe0a1aff05dc0f051d200900f8041706f6130f000ce601f40809f9fc02fcfb12d103001bff04f7062ded070a1516e8f6140006e6fef5e318fb0712fff3f908010322e1f01215fff8150326e6f6e313f9ebfcef050204ea00190d011e15091204f61b00e20b062b1cff0b1907f6ed00171c,
00fceef91d2af2f6fb0000080c17c6f61920050add00071f1906f8eafb2b01f720041310fb06e91209e607f3000310ddfff8100203f71124fe10081014efe1190613e8f700ed12180c1505fe0c0f05191cebe9151bf4f60c1024eaf8e40601f6ee00f3fcfaf5150e000b1c11040e0ef31afee517f72d0afc1d1d0b05fbf9171a,
fc00fdf0071be1fdfb141b081a1cccff1c0bf915fb0007141bf4f3e5f42516ef1a0b0b010304dd1f1af9fcedfef622d5000913000c071722071dea0418ffe90e1715edfe14f308070308f200181100131de8e511180a01fb0711d311d80a01fef4f007eefff20f050317351c030a14fb0c02f902091a120c14081cfbffe51923,
fa00fcf90d16f5eee61d000b120fc3fb2418f314ebf5fd1d13f2fbe7f22826001d161a0400fbe21e1f170aebf7e525d7f40d0f0109001d24f614020415f2d6090018eafa0aef0f130f12f7031403052228e5e70f0cfe02fb0e05ca03e70a06f8fbecfdeefffd1703f2102d0c120016021c03fe1c141f0200160e230beeea1b19,
0afafcf40210eeefea1be7181600cc05130feb0cf00e000c0efbf7ecfc2f230a2207130211fadb20240afee5f2ec21dcf60205f7f9f82224f313fb011e02de06151af80a0bf8001f0310030019faf91719e2e70a16f901090f07dc0fec0006faf80203f003f72001ee1314f801f7150e1feffb160a0a0bfc1a121f03eaf11710,
0cff0505100aefeadc14bf181803d50511faf50afefd1c220efbfc02fc1c200c170419000700e2191c06fdf705fe24e2fa000dfe0dff1325fb10041a0ef4d5020909ec0608f6fa0a050ff5f21e000e0e21e1df181605f401020ee310f0fef804f6fe03e603f50603f31d250a0be70f0919f80719f21e070324141607f3f91722,
09100f001d0af4f5f010ac1f11e9ce031401030ee7f81e260df8f2faf9121bfa1807f807ff05ea16091a02f8fb0f25e600061f0812fb1824050c16061105cb000b04e4fc08f70c0f0bfcffe70dfe0c1a17c8e00803060aeb1002e20ff1eaeb1402f904e814ef00fa08091cef13d500fe15070f16042a09f41e0d1a0afeecfe19,
0a09ff0005f6fef3f206c60905edda001402f3ffe8f41e020ff7f604050011002516eb0d000bf10d121d01fdfb0515df05f8080906000511fc040b00f9f0f209fdf7dd09fde5070708f516f915f7070909e2f5030b0b0c130bf3ed1708ececf108f312f909f80501111614ee0de0f406fc14090ffa0f0201fb00f0130b060706,
00f3020015e2f701f320db0f10dce20110fce200cffc0b14efe6ec10faf336060403e8130a07ff030d21fa0cf90d0900fafdfc1c1cf90dfd06f11ffd0afaf0f7ffe4effbe3f6fe09f7ea09ff23d90efd13ec0700060b0f1215cbf71e0ee1dbf9ff04ff0120d1ec08111e14d20ad2f601e7fb25faff030b01feebf703100df4fe,
12fc071426e900f5f62ff20114dfd10800efe7f5dafa0919f4e0eb01eef225f7f409fa1404030dfd0813f60bf61e040211e10b1414f905fefce60c11fcedf3e70ad2ed07f5f5f4f9f2f307e410e00bef18ea0cf30afc13011cd2050827dfe709f6f4fefe23d0fb0519021cdf0fe8eef5dc0019fae503f8e8fae3e4f00d1bf60c,
02ef051228d502120801f6eefae4e2090de7ff0bc6f00a250404ef04f3e005f0e2faf91713f909f6f310010df724030b17f2131b0c00f7ee00f70c1ef7f7ebfb04e0ef00faf3f8faf4e80be0f3e819f10ff11e05190000f300e90bfd14efe5f0f5f1e70725d1f41a1c1206eb14f0e7eee51420f4ee1afde603f4e8e7191de511,
fd0d030021e212050af50cf2f4f9f4fa10ebf706ce00160f04feebfb0be8fadeedf7e12a03f714eff522fe0cea2afe19160901270efb04eff7f8fe17e6edf308fceaf902fbf7ebeadeee05e3f1ec10e71303110016fd17fafd0a02f313f7eef1f40af4051dd9e11c110702ea0be3e9f7d91a10f6f106effbfbeee4f51329ed0f,
0209fbfb30d91c1200e51cf5db09ef051de6f4ece10410190bf4f20f02e906e2edfeeb160cf813f4f014df02f6230e2321fa0925190bfef7f9e8e2120deefc071bd5efe8f7daf4f0d3f505f5efec04e92d12050c1b1407eceb01000d0302e8ecfbf4ff1331dbe51c24161a0011eee5f9e2242e02ee1300eb01f1f0f11718e300,
0006dd0142e33408f5f722dcf60ce40a25dee600e207121001fdf703fcedfefbefefde0e0bfc0f09f50bef0b001409131dfd11321303fffdf1fbfb050fee16041dd8e8dadcd509f1efeffbe5f3fe04e830040b14382506f0f9010014120ffae60ef5fd0c24d4fb0e2a1426ec0aefe3f2da1221f8ef1af8f500efe8ee2328e6fa,
fb08f8f211d532150215fce519fe09071cd8eeedf30a21fe01f1f30014e50cfff1f9f6f71e07fffe0c0a0cec00001a03fd11f8161dfb18f7fa0be9f30e0803ee0ee804f10ced01e3f0f2000714e9e8f10f0e0106231d19ed09fc171c0d19f9e501fd120a1be603ff1e1b1bfef7fdf510ef1d1e0901e5f307ee00e8fe211af6f0,
e5130002fce7fa221d0d16f90fed12faf3f1e4e7fb0c07e7e6f8fb000ce410efe8e3ff061507230a04effff7f4050b24fe08e91920f801e312fc01f106000af9020d1d07030cfdeefd00050fffecf0f606190b0101ed0707050e1d151302ec00000009091306fafef51bfcf5e7eefb0fe90e0bf208f40b07ebf4e8091e0ae5ee,
00f707faf407fe070105130e0cf50805f800f7fb0201fdfaf7f201fffeed09ff090f00fffffe070e04fc12fd0ffc0f08f509fe00070403ea06fc14fb03fe12fbf50401060003fdf4feff050c00fdfe07f306f804f7f608021101060310f3fc010002ff0e01130cfb0002f0fcfe00000f0f0f0cf301f613fdfdfaf3fe00fbf8fe,
fb0608f8fa09fe06fcf80a08fc02f900fafffcff030902f9f6fd0a03f601f802f903f704f80a0309f9f80604f80300fefffffafb0302f9fcf6f8000a00f600f800040308fa0504070a08f708f6f708fafd0909060005040503030a0401010707f6f6fef709fd03fb02fc05fa030401050bf6f7f907fc03f90603f60afd0707f7,
040007fa0008fbf800fdf805050afafd09fbfef8fbfdfa000a06fefa00f8f6f80302050009fdf80900f7050603f7f9fefdf6fe05020af9f60001fe0602080903fe09fc02faf9040809fd0605f705fc06f60506fc00f6fa09f6080a09f9fc00f706f60901f8fd03f8000a03f9050af90af700fef80807f8f60703fff7ff05f8fa,
00f6fb05fe06fffb03f80a09ff00fa060aff09fe09fd0000fc00fbfafb0004fb09010705fbfef7fc0700fb0a030104fa07f9fdfaf9f9fc080405fefdfdf8f9ff0a05f70104f5fa080108f6fbfffc0509000202090a0009070008fffdfdf8fff8fafd030004faf7f60afd020afd090a0709070208fbf9f8f809f6fff7fcfe00fd,
010cebf20b0f070300f6040ff4110402110b0002eb010bff07f80613f0f6e5fd10eef91dfd0a0efcfff3fef808fe021903ec0d021408f9f5f81afffd0efe000415f701e7fd0508e9fbf900f3f11706ed14fa0cfffe0bfcf5f4f10bfdf8fef8fbf904e2070ffbf31a000e0b02fbf8ee00fbfe0efaf61712fdfefef8001008ea12,
11f2faf6080c0f00e510260ff621f301fd070e02190ce71c130116f2001df608001009f50404dfeaf60df505fdd7efeef2081ef2defffb09e3f2011810e800030d02fd06fef7e30b06fd0f0d1f07f721f611ea02f30ee90200eaec05ed010afff302fcf10308f519fd00f717101b0d031018fe210dfb02110afc03f6defd2405,
1604f703e3181907e2f23205e31ef2f9fb190c11190afd0f1b141bff12f5f30614f8f30afa0006e3ec0a01fd08f8e9fd091818e7e2ff0b08d2e214fd0ceffc07f419f00df2f3ff0812e91602260d0b00f912fd2e05fce600dafaf8f20d06fbe601eb2207e9060116ef00f01f1c1bf508231ffe1d0bfdf3130e13f40eebfb150a,
0c20e70eea1d1506f7e62cfbcc19e205061b211f03fdf71d2a0f15f900efe61c0101e728e00716e9de1a10081a00effc150811e3ebfcf914d8ef201303d8131af602e7fce5ee03f10eef1d01092f07fbf208022514f6e9f9ce05ece7fa0100d2fff51811d6ecf80effe8e628122cd9013012e20f04fbeb05fb24ea14ebf90a24,
fa21d712ec150b08f0f41601e61fdbf7ff200b15ef0b0417241119040de2ea0800fce316de000af7fc1206081100f1ef00fe14f6e907091de6f303f302eb0013f3f3e5fbf3dc16ea13fe21f80527fceef7fd142e19f10100e009efe4d30002d6fde00608e0e5091a00e4eb16162bef001e0af0000010f800041dee1705020d1f,
fb25d403f62f1202ecf3faf4e223cc00fc28112505081912250515f01af8f0051300e42dd9fa06f7031d05f22707f5fd0e040bf501ff192eecf704f4fee4061bfaf9eaffe6da19e0230307fe0b1d03f7f9ee0a2b2eef0700dd13e6d2d1f5f6ddf3e20af9e3e20a0f16e0f421051feff61c11eaf6061415ef062de20f11f61e23,
f327da10ef3803fde5ee04f8ce20c4f8f137121909081a083f0e06ee29e7e5060c0dd425cbf616fd01040afd2ffdf1e80d0a10ebfdfa1731effc1bf4f7e32021edf7d2feebd815ed260ce900143c0df7f2e7fc4b2feffa0adb13dac6d8f7f4c3eed017ffe1d5090f16eceb1e0d3ceae53711eeff07042206043ce80c00021c1d,
fb1be00bff4608fad1f80aebe225b1fb032c0b1b020315243c1d14ef29e8f304180ce533cffc0df810e714f62f05ffe8050712f2f8f60933ecf71400feda1827faebd601f0c30ce81e13e60717261ceff0d8fe3e19f8fa12f00bd1e3dcff07c5f6da1102e0dd0c1e11e1ea200327eee8230be8000a0925031025df0803f32230,
0218db030832faf3caf4f1eadd20b4ff00320a2af7f631372906fdf124f3f5ff10ece02fec0806051cd609fc200006ef120b1bf5ff08053ced05fffdf6e8001ff507cffe07c81aec1508d9fd1223280700e0023f20f6f2faef26e2ece505f1daf8e1fefaedd612140de7fb10fc25f8e51b09e504f91908fe2533f90400fe2a34,
0716dbf6073204f3c4fc13f2e505b8010d320b2e05f7372a2c180dfa100c09f5260aef15f1f908f61ede08eb270018eb0a181bfb07fc083ddc0404f1f8ebe419f2f9cef904d70eeb26feccf613272302fcd1f43621f302f20a2ad5f3e3fbfad8f6d80dfef5df0c0510d71226161ff9ec2300ee1a12150f022c3c0115fbf43037,
fe24e2f707381df3be00ff03ea16ba010d3c071df1e93f2f3e0d05001af402f22206ed1dea07fefa11ef10e42ce815fa0403180017061350f70700e9f4deea18fbf8bff104ca14f01ffebb0317191ff1f0c5fe4621fafbebfe12d108e3f601d8e8d910faf8cf12ff18f1042d1035f5ef1b05fc0c101126ff123bf5141cf22a21,
0111f1fa10221bf0c7f9090ff807b3f50f1f061fe7f24d29381108f709f509f81605ec1cf305ff00fa00fbf727f214f4001115f90f0a1638e5110a01f8dcec1104f4c3fcfbce06fe12f8c403110f26f2f6cff8341e04f4f20811cf0bf0f2f8dbf3dd09f601c3091608f0141d082603f118050c170c0918f71f39fc0a18002524,
1511f70b101c1cf9e400ef01fd0bc6ff0810021be5e23a3c1f0e0ffb06020af60afefd13f9f802060bf402f9180512fc09fd28f613010631fc08ff09f0edca04f300c7fe04d302fb12facafd16fd1d0807d0f835120100dc0412e7fad7e20adcf9da07fd17c90e010ee719200e0b000115031208f40d14ea202cff1108111429,
1d060402111615fbed05c5f70002d2f70f00fa19faf13f3f1d000502100f26f50510f011f606fdf709fdfdf00c0323f6fdfb20f0050a072dec09f514f2e9c3ee0103cbfa06d50e0e1a05c6fb0fff0e0007d9ee331a0ef4f00c17e90ef0e903e1f3e907eb19ca0e0f14dd171520090805000f240df51305f33f2301100f091a1c,
1616ea050f0d2efeeb0ec800fb1cd70022050e28f1f043412607051010ff27ef220ae304eef9fbe8f63705ec14f813f305f223ff15ff0434fe0dfc06f2f1dde9fef5bef2f0d311041af6b9e1250a0d00f8be00311d1bf6ed09fed712f70100d3f2da00ee0dc407ff17d4131a210bfa02f3161e06ef040af6261a0e1609061d16,
1d13e10f1d0633ebcb11c8f9fa1fc9f720fe0f20ddef4a432bfaf20915f731000d1dec06e6f809ec073207ea18f520e80fea220714f9fc300318ecfde6e5eeddfbedcff2f3ca16011900c9d0240413f2f0cdf02d1d22f5031c01d314f4f4f7e705e704ec24b40af722d81f0b14000a03ef1230fce60404d51e0e0c1723180727,
1c0bf11719052dfbd31ccffe010fbdfa16060915d0fa2a38270cfc080cef1d08032bf915f3fdf8e8fd1afe0a1406fd0012d929f904f7f01ae7160f0ee6e40aecf5e2d7ffe4d40bfb1ceaded229ff20fcebcef7170b1bfb0e04e9e600ffeef2e200de020e0fb8f0f815f4110e270303fae3161df3ec08f5d30a12ee1c21190014,
f50eea0a12fe21fccd18cdf2f308e1001dfb0e16ccf43a2e2f120ef806ee1afb0e1eee13e4fef4f50021faf10ef8fffd15e31c001afbef28fb04080bedeffd0100dfd8ecf3dc1cf50cf1e9d6180720f2fbc7fe151825f8100adfe2fbeee0fbe6fcdff517fbc0f8f0140c0a03140d05f8e60922fad700f3d30617f923230b1516,
0710e61223fb2f0ce000dff2ecfdddfc25fc0021c301303024010f06fcf20200ef1dec1afa0a14eafd2bf70b050ff2121ce8231123f9de12f4020717e6de0707f6c8d9d7eadc0fdbf4faf4cf02ff21d906e80905281bfdfcfad7f8eefbe108e407e4ec11ffcfe50b2cfb0e0d0f06eff2e31c2dfad814ead1ff07ea042827e928,
051af7102ae94210e6fe01efda0ddef92bef0410defc2a32260c15060fef00faf828f812e8030cdfea4ae90bfa0eef181bd8190208fcdc00def8fd16e6d91b19faccdeded9d901eee71000f2ff0f26e8ebf60f1e2811e70befd8f9f7110812ed0ee1f00a01d4e11520fb040d3606fe05ec25330adc13e5d805fdf7f71c1de70b,
1cfff4f41ef62cf9d9ea2902d61ee8fd30eaf10eddf611242afc15fb17f30cfa0024e90afa02fcece82edefaec010bfc03dc1bf5f6fbf10ee0fef900fde3160b16e2f0f1e2eef4f4e41b12f207010cfc0606f533291bdf13efcde507fbfef6eb1bfbf90c07e4d6221f0e16162e0bece9f11d3419e500ecdc10f6f2fe00fff4fb,
08faf7fe210526f5eaeb2206fa10e8082aedf2fbde13143525ec0d02000007070215f10412fdeefdf923ef02e30000fcfae514f6f8010106e5fefd0609020d0e2ade00edf9ea03fdde1904dcfe0f09021d06f5171a28da0001f1f61a1512f2f70506fd0519faf61d160013082807fbf1f8081a12ed0bf2ee08e305eff702f902,
1908f0f509f72601d7f301fafc11e00524f1fd00f7031f2d330401fd00fffe120d1f00000909fffaff24fbfc04f10bfaf2fb00f1e7f90b1bedeef8f50407010714ea05f808f5f301f90bfffc0bfcf8020405f6112b1fe71105e7ee1116f105f00bfced0d15f8fc0f28fd0d102b00f7ef09091a18fcf9f5fd01fff10ef6fff202,
ed0900f40901020e0efe0bfd05fa06fe00f301f603030ff50c0301fc06f3fd04f6fdf8fcfffa050cf3070902fa05061306fd08080d07fafbfdf215fc0af8fb03060a00ea02f70003f4f80007fb0404f8030000fc0d000401f5f90e0c030afcfb02fffb011100fdfdfffd0df40508030aed0e10fb05f512fdf1f8f507160bebf8,
f5fa0bf5f3080003030401010c030cfd0408fbef05fe10f8f400f7f010eefefc09fa03fe06060d07ff0401fa00fc0e0dfe05030101050e0807f30403fe11ff01fb0d08f9110afffb0afc03110901010e0007fb0cfdf1fe07fd00100a050af5fc00fefcfd05fa0d000003fdf202ff000f090d00f808eff70300fff1faff02fbf8,
07f703ffffff00040707f804030a0202f7fc01f603fa0608fcfdfa04fefbfc000507f600fcfefd04fb0408f80900ffff08030008fe0701ff07f500f8f6030604fef8f7080406f803fe00f903fc08fe08f9f60a06ff08fafff90508fa070afe08f805f80300fffefefa0802030af60106f802f8f70907000009fff707f605f8ff,
02fdf707f6fe05f50a03fd06000001050303060809f800fd02fb010a0703fa0209090801fd08f8010001fcfe03f6fafa010a0600050a0af70504fffefa02fb00020af8fb0109fa020404fdf6fbfeffffff0904010af7fdf90708f8f9050908fb05020506fb030007fafc04fcf5080300fa0906fd06ff050802f6fafbfb02f8f7,
f9f609fdf700fdfc06fefc02fcfffb0100f804fef8fbf8f7020303f9f9fefb070506fd06fb02fa02fb020600ff0106080900fcfe0705f90809f501fefaff0204fe0604fdfbfa0afb0b090709fcfc0804f9fa09f504f806fc00fb07050907020a08f907fbfb02fdf7f90509fe01fc05fb0800010007f9040103fc00f5fd08f80a,
09090705f705f9f904090707f6fffff700f90000fcfd000800fcfd0900fe0402fd0904020801fcfa0afe0007f9fdfd08fef6fe0a01fe00fd0206f80a00fffafaff04f603f8040603f80305fa0003faf7fbf7090400fafa0706fbfffa00f6fcfd01f6f7030907ff0af602fbfa0402fd0a00000502f7fa0209fd0a08ff0a00f9f6,
0c0301fdfefd0f0e09f41005f2030608fbfc00fdfbf606ff00fd010e0c040908ff0600fe000500fbf4000901f0fb02fb06fc06ff0006fbf5f5ff000700f20305fef507f901f60102f40201050305fa0501090202f805f2f6f9f308f4020a04f90102fe0c0203f4ff0afafaf9fb08fe01fbfcfff600000301060afef70a0f0404,
f71900021ef10bff09e0f4fcfbf8fbfd09fa0cfcfd06fe1dfe010a030100f806f8f7ee18eef81efbef00f304fb19f40c17fa01120f0500f3eb0e310df4dd15020ce8f8e7eaf906f9e828f6fafb0010e907f90b0b0706e408feee10f9010ffeef04ed03190f03ec07100003fe0209f6f6ea01ffeaff1410fdf0f5fff50f0ee807,
f626e9130aed1c1811e712e8e61af0f60ffa0f0bf0f6050e000c1008f5e9da10fef9da1ff0092904ed020a100221f3181ef8100b0c01f3f9fd130e17f9cf0008fbe103efdad224f3f70df6ffef2006e401070a110f11e2e6f8ec08ee000902d411e8fc12f2f6f2ef06f1f907f607f300ec0cfff4ea01fee4edfdeb041719f61c,
0719e20d03f6150e00f225e4dd0ff5030c0f1d1cf3f412110b0d1919fde3ec20fa05e824d6fc26f6e41900130324f6192df724fe00f8e0f4fb0cfd0df0d90606ffefef00e0d317d9f612f7f4e71e21df050416fe1004e8ece2efffd9f40309e711ddf307ecd8e7eb02ecf2180d15e813001c01f0ed08f9edef07d504251ff52a,
0816df1e000a1912f5fc2cd8eb11ebf8fc0f212c0ffd1f0c1a17151c12e4ed0df507e927e30011e5011412050e09f00f1806180705f9fa090d131009e4d5f011fef4e8fcefc818dd1805f10c0c331fe5f2121211fcf6f404f0f8eae2cae512d104d3020ffbeb00e70ff5f91d0332f011f818eeeefc0cfefbe528e51b18211022,
0e1dde23f623121fd61510d7e910d4fff71d1b3e08f1231b17102d1618d8fa19f61dee1fde0600e8030d2a02190ce20f1a032000fefae11a12ffee0ce6e5f80df006e50fdfb808f426f7ce10164219f0ec060903f4feef18f9f4e1e6cdec1bc2ffc61004fcddf5ec07defe1c08330a24001cf8fbed02fc02e02eda190e1f1826,
fe22e532fc121715c7ffe8caf91dcfff090a2d4504ea3a2b25192d062bd4001cfe1cf522ce0204d206f21e0a2009ddf0100319f20a08dc15ee07d3fee0d20504f1f7e0fce2bd14ec0b09d11b163c33e9ef100001fdfbf60be6ecd9dacee52bae0db41202f3e5f7e31ecff2250f45fd2eef1ff603e5ff100eef1fda1d14280428,
fb23e82afb091e0fe2f2e7dce716dd07030c133e06ed3f1b3218310410e3f50bfe1ae42bcbf70ce3ffeb12081c04f7f8130f23f80601db11ec08f709e5dc0507fef0ebf5f2d206ef0b20e40c13462ae4e9f8fc161a04e8fce1f1e9ecceff09a20fca03f5f3f8f1f00ae5fc1b0b2af316002804f9f0fe0ffef51cda0a1a220427,
001aec15f9162e16d1fa0ee1e81fe0f81a11173101e941292e06240501ed0bfe1226fb11dcfc11dee114080417f7030d180230070307db19dafffe0bf0c7fc060000d9efecb804e7160fea070e302bebfced030e150de209f8d3e300e5ff16c604d810ebf1fff5f013e50025072cfd11001ffd00eafef9fd121ef6080f131222,
0d20d720070b2c0de603f8e2e71ae90110071e2cf2d7533f3b121a0ffade07000929f910db020ee1e8080f0820fbf51a190e32fb13fbde17ea18ef17e5c3efff04f2e1fdcfaf17f60d0dc105032f1ee8ebf50b1a2116e5f6f5ece104eb0a06bf0dbe1000faf5efe817e205320c340b07fc2efb01f5000aeb041cebfc262c0d31,
151feb1eff1b3e17e708f7d7e419ddfc1c0f2445dee849473d28290310e3020c0b20fa22d0f50ee9e50e080c17fff3161a153a00ff01db1fe20feb11d2bedffff9f8ddfdd79d0ee905f8b716124131f1efeefc1d2212daf4eae7e2e8ed0025a7f9c015efece8e4e00ee0043a22480319f52e090ef008f4f2002eed0527240e26,
002bcf23fb124520e803f0ccce2bd7fe0d043a4fefe8423d4126401326c4f60dfa20ef39c2031aced61a13191705e02239093f0610fdcc28f613ea21cfb1ed00f3f0bdf2c98823e816fe9f130c4444d8e5f7fe1a2b14d5f9d0e2e8ede1042ca208b723f6f7d8fdc221d7ff3c1e49f31ee7310efbdd06ec05eb28ce0a3d440f37,
1026e31706163310dbffe3dedf2fe4061817273602e352284d1a2e0d35cf06170032f01dd0041dc2ea250d0b27f6f50e191526f004f5ca2de418e612d4b9e9ff00edce04d4a014e81a12b70a1c2741d5e9e9f4271a18c914dce6e8ebe20d26ae0faa1ff800f2f0de23cefb42272cf62df22c04fce7ee0611e225d31d1f2b112c,
0c29d92300194313cbf0dddcd623e500241e2638eef4452849122c151ecf0812022ae12ac70b19cdd74012f31600f2061d0426fd1805ee30f110fb0ddbda17f4ff00cef9d59b13f4101cceec133d3ce5f8cffc342419ee08e5dcd3f6ec1c2ca112c01df4f3e4f5cd27d7002e1638f80cef250af4e9010507ee20e10e2e250b23,
ff33e41a05072d10c303e7e0cb39ee0628131c36e6f83c373d212a1d19dc0a140027f132c90519d9fd3e21021d09f3f91b0b32f214f7e81cf5180806d4d414e8f0f8d9f8f4b121e41515cbe512243fe1eadb01231a26f401e6e4cfe9e7191ec218c71a000ad804da21d6fd360c3cff17f12cfcf4f209ff05eb25e00f2b20122a,
0129dd25fe0a2103d10ee5e6e819dcfc0e0c2b29edf83c2c541f1e0b17db1614162fe928c50401cefd3e18ff2705f4f71eff1bfa0800ee2cf7150802eadf04e5ebfdcc00e8a80be915f0e2de0e2930dadcdef1201514f701ded0deefda0c2bd302c91700ecd7fbd618e9fa231922042cf42ff9f8eb01e5f1d61af4171d1a0f34,
0011f016fa223307d70be5ede01cd50211111a28f109402942291c052ee120161a3bfa14d4090de6093223ef16ed02f315fc13e90009eb21040801f7f0dbf1eceef0d700e7b90ff71be1efec191823e3e4eef323111de827d7ccecfbf0f21ebff5d71210dbecf5d708f7e529221a192505250c0ae6f9dce2cf27ee331910291c,
f127e4170f0d280cde01eef1f518e50618041622ea0e3b26461324060fea02f81124fa09e90916ed001b0afd0ef900090cf419fb1706eb17fa110303fcdc000600f0ecf1f8bd1cf3ff04fae912131adffaea0f112621ed07cedae3f9f9f115d4fad1041cefe504ec1b05fa1c1d1afc0cfa1b120dd80bf1eae70fee0916170617,
0421e20600ff3003e5ee06ecf20df3f71cf60c0bf0062f202d0f1bf2f8f911000024f91af90906f0f22eff0f00faff0b0cee1b0201f8e916e7f50d03fcdcfffeeef6ebf8f3e10efdf915fafefc171cf4ebf509172c12ea05dcffedf4f50508db01e8ff0501edf0f817f9f617102803fffe1a11fae303e9eefc0601091911fa1a,
00ffe80bfbfc1b15f3fb19fff804e4fdfc05150dfd0c201d27111f00f5fb00040f190011f806faecee30ff06fe01f1fbfdfd18ebfffcee18e8ef04fc00dffc03e401fafcf5e2f402031400fb05261bf3eaf2f40c16f2e2ffdef1ed00e30a13f5fbf3ff01f8f102f916f8ef0c15190602031a090bf4fffbf3fefbf30f0314f604,
fdfef30913f611090f0f00e60313060415050005ff010b0201faf90bf500000c0f080a1601fb0904ff06ff160513f1150f0710100e03ec010cf8ef1604f8e6fc02f2f4f1f9f400faf7f300f9f70707e8fe0105011300f7fdf4070af7eaf30af102f2110802f9f6fb0dfefd040103f9f7fb140dfbfd0cf6f9f80000001d160309,
f603efeb170a0c0200fdeef2fffafbf9fdff10fff8fff4f60e04fc11f201f406f6f30a18fbf918f3fc00fc0dfa12ed1b130909210af7f90700f9f90d07f7f90cf801080b00000ceff80afc06f0f40f02f606060a1210f915e8160dfe03fd030e0afd0107f30c0afb0609f4f501f6fae90609fe0a0221f8fcfef207f40f00fb0c,
fdf00c0f051300fe020c07fe000206fdfe04080316faf0fe06070602060e0714fbfd02fe0b08fcf605ff14f203f3050afa0df7f3fe00f90000f20afdfcfdfef70211f70700faf9140eee030c0100fe0500fdff01f6fb06110310fbf700f40109fa0408f0ed030208fefaf812020b110d040afb0afcfcfb00fd08f909fbef1500,
03f8010a02fef6f8060004f8f6f9040008f9fb02f80a090705fe00fcfdf60406fef9f905fd00f6ff030bfdf609fdfc00020a06090b02f9040800fe0bf6f9fc010af9ff0604050302f8ff08f6f70100fc08fa00fa02f7070801060403fefafef60800f702fe01070606f607020a0a0701080800fcf804090505060600000601f6,
f70afff6090702f8fdfa04ff08fd02f6f9fffafef800ff0507fbf9fef9fffbfb08fdf70304f6fa0aff0505fc01050a0503fefefef7040a02fd02fcf7f9fffb0909000609fcfa03f8f903f9fd000201f6f6f809f7fa0800fe00fe030309faf9faf80701fefafdfc0a0aff0909f6fe04080a01fe02f6000afafe01010804fb06f8,
0af7020208f6f80aff01f7fefbfdfb06fcfa08f7f909fe04f90207fefafbfdfbf6080bf701fa010001fdf80102f9fefff70504fff8f907f6f600ff0402fefefdfc04f6010afeff0108050205000604f900f90705fe030706050204fef5fa0706fa0006ff07f80afb0504fc00fe0507fd0609090602ff0502f6fa010a0a000100,
05080100f700fd0201fe0206fcf6faf9f801f5fbfbfdf604fd050bfbf9fa00f7fdf9fff6f8fc0601fe00fbfd06fc0603fdfa00ff08f90af905fcfd000100f6fafcff0001f6040700f60004fa050003f8fa06fa08fff9f6ff0500080301f6f600fbf709f7fdf60004f9f90001fafa0100fefbfd09fc01fc0700fa00fc0a0205f9,
0306f6fcfe0404fc07fc05000402f908070302fc0304f603f8fe030901fd0608fa0600fcfdfefbf70600000af70001f6fe06fc030003fe0a0004fd03faff0afb05fa000505fbff070404030a02fdfafa040201f80002f9fcf708fc09fc03080103090004fd0200070101f701fcf9080000f6f9f6fd03fefb00fe0906fafb08f5,
f7ff08ffff02f9f90804fb06fbf800010200040503fc02fff9fb09f9fdfcfb00fa06ff08fa0b05faf80bfcfdf6040a05fdf7fbfb06f6000afc08fc01f8ff000af703f8fcfbf6fdff00fb0904f8040805f8030702fe08fcf7f6f8040103fb0407f60a0501f6fd04fb0601fdf5fcf60000fff900fb06fb0af8f8f807010901f900,
18f50806f012e3faef15020f0ef50002eb0f1713fcfefc080a1a15080e1c15000c061bf6fd01f1fc0df80ef315f4fceee6fee4eef4080610edeffae5fbff00f4fc0cff0e1802e5101aebf50a2009fe11fc03fa08f8f4060df70ceaf4ede70e0bff001505ecfc15fb04fbf8160b0d181e0b06011c01fc0711f514f511ebee1bf2,
f8f21001f401d6ecf20b14fa1e0301fdfff81a15070800f3090b19fa19fa0b08120a180b0703e0f61b11040014fefc03ee0903fef500f505e7fffd00f3faf6f4f81004fc0005f11b12e501fd2706ff06010af307f9fdfd1ff718e8f0dce81410f9fe22fbfafa0607f200ed00fe111e0b02fe092407fdf9000b06001ff9ee1702,
0302f207f2081104f30711f011f7f809f907040711fdfc100409110305f50705fa0a0708f5fcfcdd2000f8fe2505fc0d03ee07090808fd050409f8fffff40409f6fefff8effa01f714fcf902200dfdf1000713000106091df1f8f8f8e7012afc01ee2c0404fd00fefb04f304001209fc05070415fbfc05f0f9080112fffe1c09,
0701001107030a0dfd040ef40dfaf6fefcf40e120103020d0e0b18000ef202ff01fbf014f40307f21e27fc0a0300000405f713090902f40b0402fa0b08f7ff0201f6feeffae70aef0ef4f50e061109f80dff1000f8f6f50cf40bfb04f00d050006ea150ef2f0fef7f6fefa0d0613f5100109f802ec10fe00f6fefc0903070205,
fc02ef06f8130b09ed1bf7fbfffef7fdf200082004010a040a0311f306e704fe0e0dff08e607f7f62020fded0000f9fcf9000efd09f7fe160c09f2f803f5f601f60cfc08f3eb06f10af9f70a1c2408fc09fdee0200f9011201e7f403f30316f0f3f51304f9f20ceef1fb0517fe150c1bfc07040c000afbf90014f01cfe13000a,
040efe12fc050f08f113f507f501f7fcf0080a0c11fd08020aff06fd00ed040b0f06070af008fdf11d1f070004fbf4f2f2f910fcfe00f3041012f9f6f7ebfcfc02fefd0af7edf8f518f5e504101409fcfff8f906eefff004feebf703e7ef12f5f3ed0907eff40bee0005fe030c0b0906ff09f904f1fce0f8e912f914001bf809,
1208f910f312070eda0e0908000ef109fffa0e1928030e210d13201110ff1908061001fbedf9f7ee253109f018eb03fef6ff15f5000af91ffafbea020300fdeff812fa0b01fbf1fe0c0ce7150b201100ee04f702f7f8f1fcf6d2eb09eafe06e910e8180afcf825f0f9fff9181b2d091d0021f30ceffae207f719ea0907161405,
13fd05fcf70a160cef1011fefa05f703fbfafe0212060d1e06fb11030af80c001d1d0005f80afff8322b08fb07faf800fafb0ff40506f90df60ae9fe05e4eaf4fbfafb0302e6fffb0010e6040f1508080307f7faf0fdf4140ae4ed010002fde70de006f70df320e600f5f60708200f08050902110401e5ff0bfcfb110a000006,
000ef613ff02131af505f4f4f002f901f9f7121c0af803110cfc0d0618e50a010719f60bf6070efcff4803f410f5fa08f90a16060808f90c0607e70000e3f2f2f9fefdf7e5defaef0a08e61b0f1a14fbf8050400f2fdf903fde9ed02f7110ce500e90d02ffee04f1fafef716131c0917f214fbfcf709f2fef705e5fa0b0b1503,
10020416e51c0206f525ff03ecfd00faea0e181a12f00d081e1e26ff0de71d0a182a01ffe6fafce201661af30fece401ea13fdf1f308e91804f1d4f5fde5fae6ec10f01beae4f30b10faef1c222a0e0deb00fbfdefeeee2cfaf2e005f0ef25ecffe21301f3ec09efecf9f51c1b1f1e2c0916fc1700f3da13de18ef250b181e06,
0e07f12bf5021e30dd081ed7fc0fe806f5ff202602f413171e17250716d90906fe11fa14df080ed6033922f511ffdc13120114ff0f05e1221914d813ebccf9ecf6fbeaffebc2fcf104ffd4031a2e16f2e1f50205fc03eb00ddfceceae50a1fc802cd17f8ffdd0fdb13edea2f0f300d27f627f6f9f0f1ec0ed91cd91518281814,
0d060526ff04071fde1015edf400f0f9f310171410f51117120d170014e60916f61b0007defb03ef11290dfffcf5d3f5fc0a0eec0af9f9050602ef00e3e709f1f305eb07f0db07ff0f13d81312240c00e8f8fefdfaf9fb0be3f9e0e1ea0020e00de222fff6ec17ea00edf9110d110a1c0023ed0304f50b09e71ded121c17120e,
09fc0d1cf8150117e618080b0006fd0af500151402fa02121c152af914fb190b08050b03f3fff4f80e2711ff0bfbdbf3fe0703f5f3f6000d03eef5fcf7f715f2eb1f0010f6f9fb140c0af10a17170a07f4f9010ee0fef501e1e7e1f2f30321f10deb23f3f9f200e7edf6e713111b000e0210fa0b1cf3f51af80ef01303130c0b,
0bf30e1ee016f619dc1df007f1f3e808ec0c1c2308f11b1322122c030bee0b1d18280707e600eef3f84010eb1aeee8f4ef1007e3dbfafc1a2a05e9f6fbe50ce9ea1ff60ff2f1e9132215f00e25311714e6f4f416d4ecf222daf3e1d4e11131df04f414fcf1f706dff2ffe90d0f171539121eeb151aeade22ea11f428fb001f01,
1afc042ff31f0114ef03ed06eb03f2fef61e2f32fffe10152f1f3cf00dff180b032f00fdd3fff7e30b3a22ef22f0fdfbf70efbe1e602fb2218f9e6f9e3fa10eae80be613f5ddf20811fdecfc1c2bfe04e502e80eeaf4ef24e3efe1e3d5122eecefed06f7e8f8fdd1fb02dc161525172d0f1cf40ff6eae115d722f21e03060f0a,
1f080a24e80dfd13ec0ce3fafb09faf709002a1df9f3fd142121240208fa131306260fffe503f9e6082a27060bf4edfffeff08ecfc05f01312f1f009e6f0fcf5f009f41505e7f6f912f4efff100d11f6db01f2fcf906f126f6f0f2f6ef091ef0f9eb1700e9f8fcdbed06e91c20141d31f70ffc0ef9e7d4fdd914002e09061b02,
0000041003060414ff03f800f80400fc000c14140aff040c090d09effafbff11060bf914f50805f8f9120212090ee90300f500fa0003f4fdf801f30c00f900fbfafd060aedf0f9f800010000001511fcf202fffd01fff60cedef01edf1fd0c0502f90a07fff811f9fdfeef051701ff10fb12f901f3f5daf9e90b020c02110103,
11110c0cf2040309fff100fdf207f609f8031006f0fd0505111a0cfbfbec0a0804030314ecf7f9f3001ef9130000f9f301f00bfb0005f111ecf30a06f5ee08ecf702100c00f2f3fa0602f8fcf8111dfefb00f5010000f7f7f215f1e6ee091100ee06faf4f4f4eefdf8f9fa04120bfb06fd0ff101f4f4ed00e9fbec14060c000c,
0bfa1211edfbfd18f6ff100df2fced05f4f70f01edf70c11150c19fff3f103070c1f0a10ecf80af2f407040ded07ebf6f7fe07f6eff7f300f4f40dfaeff1fcf1e3fefbfcfd0ff6fefbf7f606030e1d03e3f8e80006fa0108fa17f7f9f7fa1400fb18fbeff2fd01fdf9f4f608140902fb041b0305ffeefdfafcfcf308080d0118,
15fe1205ed08ef1cec0f070f06fbe8fde60c070b02060519081813fafaedfaff13131402fbf904f7f709090c0402f9f1ecf8f6e6f0fffd0ffdf0faf3f9fcfaf9ed19030b0a0ee91404060609131a120eeff7e808fcec0213ee05f103fe0b1bfa050c03f7ebfc05f3fd04e40e1709130c020ffc090cf4040e0103f90cedf70512,
fc090304f6fb00f6000a0207fa02fefa0009f802fc030aff0afdff0afd060606fd0006000204fefef7fbfd03f7040700fbf90104f80207030900f6f602fcfffefbf6fbf603f6fd06fdf90908f900fe0a080a090afc0809050b0004fffd06fafffd0409f60300f902000708f9f701f50a01faf9000203f902fafd00fe040000fd,
09fcf9fc07f80605fff6f9ff04fe02fb010405f603f9f8fcf700f9fef6fd020a020004fa07080100f9000a09080a0800ff04f9fdfcf607f60606f801fff605040701080aff05fdfb0a01f6fa09f6fe00050004fff6f6fd03fefb07f7fd07fa01fb0303f8f8ff03f90902fdf6fa010300fef908080208f70306fcfffb04fb0401,
060103f9f906fc03fe090509090a0a000108f601f8f6fe0500f60302fefef5fffff6fe07fdfcf800f80afc040501fdf60b03f6fefdf5ff0007fffef709000008090002fcfafefb04000003fa0a06f9000105080000f600070af9060a00f6fffa000a07f7f708080906f900f8f7f8fff8fbfbfdf80000fe02ff0005fc04fbf6fa,
06ff0003fdfe060001f8fc06f705fa0001f5f60afefcf9000007ff0a060907f604fffa03fdfb0a00fff7f90903f703fcfbfcf706fa060601fe0900fefdf90200f5f901f609fd03f60bf8f8f7ff03fbfa08f80900fdf7000704fbfffafcfefffefe00fa05fe06000804f80505030705000707f6020006f702f7f9030502fc0000;